customer_city,total_price
abadia dos dourados,413.5
abadiania,1025.52
abaete,1946.81
abaetetuba,4739.21
abaiara,332.15
abaira,203.0
abare,224.73
abatia,220.19
abdon batista,156.70000000000002
abelardo luz,797.5799999999999
abrantes,761.36
abre campo,367.28999999999996
abreu e lima,2871.92
acaiaca,207.9
acailandia,1233.48
acajutiba,50.95
acarau,1639.94
acari,412.43
acegua,282.39
acopiara,901.6700000000001
acreuna,1306.45
acu,1148.8700000000001
acucena,54.11
adamantina,8077.2699999999995
adhemar de barros,166.29
adolfo,441.59000000000003
adrianopolis,89.17
adustina,102.27
afogados da ingazeira,1596.3899999999999
afonso claudio,1767.92
afranio,448.03999999999996
agisse,56.37
agrestina,4132.68
agrolandia,60.91
agronomica,281.5
agua boa,3336.82
agua branca,661.1
agua clara,259.17
agua comprida,140.65
agua doce,336.05
agua doce do norte,463.52000000000004
agua fria de goias,167.81
agua limpa,416.8
agua nova,77.67
agua preta,147.34
agua santa,227.59000000000003
aguai,2509.95
aguas belas,1041.4
aguas claras,116.96
aguas da prata,1257.57
aguas de lindoia,3862.98
aguas de santa barbara,202.03
aguas de sao pedro,304.03
aguas formosas,1580.57
aguas frias,318.98
aguas lindas de goias,2851.9
aguas mornas,104.52000000000001
aguas vermelhas,692.8900000000001
agudo,32.1
agudos,1548.79
aguia branca,199.94
aimores,1143.77
aiuaba,147.38
aiuruoca,365.03
ajapi,121.34
ajuricaba,245.37
alagoa,93.98
alagoa grande,178.52
alagoa nova,164.29
alagoinha,339.52000000000004
alagoinhas,8193.67
alambari,228.94
alcantara,464.86
alcinopolis,952.35
alcobaca,1481.9
alegre,3265.01
alegrete,5296.24
alegrete do piaui,173.88
alegria,58.28
alem paraiba,3627.93
alexandra,51.31
alexandria,221.92
alexandrita,130.0
alexania,568.25
alfenas,6761.75
alfredo chaves,1052.6100000000001
alfredo marcondes,169.23
alfredo vasconcelos,616.74
alfredo wagner,844.67
alhandra,1307.91
alianca,89.92999999999999
alianca do tocantins,264.0
almas,113.56
almenara,3212.33
almino afonso,470.01
almirante tamandare,5093.83
almirante tamandare do sul,65.0
alpercata,260.77
alpestre,136.98000000000002
alpinopolis,969.45
alta floresta,3982.87
alta floresta d'oeste,805.5
altamira,6399.84
altamira do parana,307.11
altaneira,496.26
alterosa,308.64
altinho,449.82
altinopolis,1506.04
alto alegre,366.41
alto alegre do iguacu,227.25
alto alegre do maranhao,123.32000000000001
alto alegre do pindare,259.56
alto araguaia,1228.1299999999999
alto boa vista,628.68
alto caparao,522.0799999999999
alto do rodrigues,3478.0400000000004
alto garcas,340.06
alto horizonte,285.15
alto jequitiba,275.42999999999995
alto paraiso,1333.91
alto paraiso de goias,1963.31
alto parana,451.84
alto parnaiba,948.0999999999999
alto piquiri,432.5
alto rio doce,278.54999999999995
alto rio novo,327.23
alto santo,801.01
alto sao joao,73.25
alto taquari,821.17
altonia,557.1800000000001
altos,1560.87
aluminio,1500.64
alvarenga,245.10999999999999
alvares florence,227.23
alvares machado,4227.42
alvaro de carvalho,399.0
alvinopolis,1020.9599999999999
alvorada,9323.06
alvorada d'oeste,430.1
alvorada do gurgueia,87.85
alvorada do norte,221.72
amambai,890.69
amanari,419.39
amapa do maranhao,50.05
amapora,180.65
amaraji,521.89
amarante,1907.68
amargosa,71.81
amelia rodrigues,459.30999999999995
america dourada,217.92000000000002
americana,29792.8
americano do brasil,346.28999999999996
americo brasiliense,2769.09
americo de campos,293.35999999999996
ametista do sul,275.51
amontada,81.57
amparo,13632.38
amparo da serra,66.06
ampere,1985.95
anadia,462.59999999999997
anage,97.38
analandia,575.7
ananas,122.75999999999999
ananindeua,22476.06
anapolis,21014.36
anastacio,153.35
anaurilandia,86.24
anchieta,3260.09
andarai,109.5
andira,1688.59
andorinha,797.61
andradas,4595.97
andradina,7680.6900000000005
andre da rocha,146.13
andrelandia,169.07
andrequice,215.14
angatuba,983.0300000000001
angelica,76.86
angelina,142.04999999999998
angelo frechiani,43.6
angical,293.5
angical do piaui,80.92
angicos,101.77
angra dos reis,22193.03
anguera,144.99
angulo,394.06
angustura,166.29
anhandui,249.69
anhembi,120.09
anhumas,72.42
anicuns,809.19
anita garibaldi,385.93
anitapolis,642.38
anta,291.53000000000003
anta gorda,655.25
antonina,2285.4
antonina do norte,130.57999999999998
antonio cardoso,439.92
antonio carlos,395.41
antonio goncalves,51.69
antonio martins,97.67
antonio pereira,180.54
antonio prado,667.5699999999999
antonio prado de minas,334.21
antunes,135.39
aparecida,5275.73
aparecida d'oeste,31.75
aparecida de goiania,20161.15
aparecida de monte alto,199.26
aparecida de sao manuel,256.78999999999996
aparecida do rio negro,172.57999999999998
aparecida do taboado,2768.59
aperibe,1835.91
apiaca,534.42
apiacas,51.12
apiai,714.94
apiuna,1484.8
apodi,492.07
apora,65.7
apore,197.38
apuarema,204.38
apucarana,9415.41
apuiares,421.56000000000006
aquidaba,113.55
aquidauana,268.09000000000003
aquiraz,478.65000000000003
aracaju,47062.37
aracariguama,937.0699999999999
aracati,3596.25
aracatu,95.75999999999999
aracatuba,21209.37
arace,491.18
araci,358.24
aracitaba,156.74
aracoiaba,713.1500000000001
aracoiaba da serra,1701.76
aracruz,6068.47
aracuai,1588.78
aragarcas,247.60000000000002
aragoiania,112.9
araguacu,162.86
araguaia,67.23
araguaina,10321.17
araguana,224.07
araguapaz,160.89
araguari,12789.69
araguatins,859.9
aramari,222.56
arame,64.14
aramina,111.61000000000001
arandu,455.65
arantina,204.41
arapei,353.71
arapiraca,10150.03
arapoema,98.57
araponga,305.13
arapongas,7479.9
arapora,1963.95
arapoti,1280.91
arapua,112.77
araputanga,645.25
araquari,1285.36
arara,137.14000000000001
ararangua,3035.59
araraquara,24967.88
araras,15822.289999999999
arari,828.79
ararica,252.0
araripe,323.37
araripina,2888.55
araruama,19596.15
araruna,748.43
arataca,865.78
aratiba,106.49
aratuba,429.74
araucaria,6255.87
araujos,2711.2200000000003
araxa,15874.91
arceburgo,1160.83
arcos,5989.360000000001
arcoverde,890.81
areado,1360.55
areal,1364.63
arealva,339.88
areia,233.46
areia branca,312.99
areia branca dos assis,569.4300000000001
areial,194.82
areias,568.63
areiopolis,944.24
arembepe,494.05999999999995
arenapolis,396.46000000000004
arenopolis,128.9
aribice,76.15
arinos,959.8199999999999
aripuana,1348.38
ariquemes,4969.64
ariranha,647.27
armacao dos buzios,5824.89
armazem,289.35
arneiroz,462.53
aroeiras,167.48000000000002
arraial d ajuda,90.7
arraial d'ajuda,1045.68
arraial do cabo,6531.58
arraias,254.23000000000002
arroio do meio,1749.34
arroio do sal,1330.31
arroio do tigre,319.0
arroio dos ratos,1226.52
arroio grande,457.84000000000003
arroio trinta,185.84
arrozal,912.81
artur nogueira,8643.73
aruana,180.31
aruja,9349.07
arvoredo,49.4
arvorezinha,328.79
ascurra,716.85
assai,1019.8
assare,118.25999999999999
assis,14238.19
assis chateaubriand,1526.6299999999999
assuncao,132.69
astolfo dutra,1509.69
astorga,601.37
atalaia,137.65
atalanta,351.0
ataleia,200.69
atibaia,35292.520000000004
atilio vivacqua,107.78
augustinopolis,144.89
augusto correa,440.0
augusto pestana,143.95
aurea,451.5
auriflama,2070.5299999999997
aurilandia,176.2
aurora,870.17
aurora do para,115.46000000000001
avai,227.96
avanhandava,905.33
avare,9880.16
avelar,824.24
avelino lopes,142.72
azurita,220.85000000000002
bacabal,3883.5
bacaxa,72.50999999999999
bacuri,444.21000000000004
bady bassitt,705.7
baependi,1587.39
bage,10791.9
baguari,64.1
baianopolis,493.28
baixa grande,66.24
baixa grande do ribeiro,213.47
baixo guandu,1617.17
balbinos,69.29
baldim,699.0400000000001
balneario arroio do silva,450.66999999999996
balneario barra do sul,482.62
balneario camboriu,19614.87
balneario gaivota,329.12
balneario picarras,1783.26
balneario pinhal,1043.94
balneario rincao,740.0
balsa nova,33.97
balsamo,1383.48
balsas,6607.74
bambui,2558.6800000000003
banabuiu,139.61
bananal,855.71
bananeiras,761.52
bandeira,419.21
bandeira do sul,466.3
bandeirantes,2113.63
bandeirantes d'oeste,65.09
bandeirantes do tocantins,432.2
banzae,127.41999999999999
barao,57.53
barao ataliba nogueira,1351.51
barao de cocais,2452.94
barao de cotegipe,154.70999999999998
barao de juparana,46.72
barao do triunfo,99.13999999999999
barauna,288.37
barbacena,14527.05
barbalha,1515.4099999999999
barbosa ferraz,562.57
barcarena,1323.67
bariri,3134.96
barra,194.83999999999997
barra bonita,4682.95
barra da estiva,1124.64
barra de guabiraba,565.8
barra de santa rosa,472.32
barra de santo antonio,629.12
barra de sao francisco,1086.01
barra de sao joao,2877.3399999999997
barra de sao miguel,226.64000000000001
barra do bugres,943.6500000000001
barra do choca,877.49
barra do corda,1475.84
barra do garcas,4986.08
barra do jacare,71.42999999999999
barra do mendes,383.28
barra do pirai,6638.32
barra do ribeiro,1045.4199999999998
barra do rio azul,148.71
barra do tarrachil,359.94
barra do turvo,380.5
barra dos coqueiros,629.46
barra longa,1341.55
barra mansa,24241.14
barra velha,2014.4099999999999
barracao,166.70999999999998
barras,291.68
barreira,142.01
barreiras,14130.5
barreirinhas,490.73
barreiros,1793.31
barretos,11776.79
barrinha,3439.5699999999997
barro,928.23
barro alto,255.51000000000002
barro preto,146.57999999999998
barrocas,118.25999999999999
barrolandia,124.53999999999999
barros cassal,800.36
barroso,1575.52
barueri,60138.13
bastos,1673.94
bataguassu,732.9200000000001
bataipora,180.10000000000002
batalha,308.1
batatais,6221.89
bataypora,292.02
baturite,551.09
bauru,45731.51
bayeux,1139.4099999999999
bebedouro,6242.6900000000005
beberibe,1823.9099999999999
bela cruz,1024.47
bela vista,522.88
bela vista de goias,753.3499999999999
bela vista de minas,134.51
bela vista do maranhao,83.15
bela vista do paraiso,658.49
belem,99313.38
belem do sao francisco,771.02
belford roxo,17896.09
belmonte,262.55
belo campo,257.64
belo horizonte,430460.6
belo jardim,2209.52
belo oriente,833.02
belo vale,548.36
bemposta,48.11
benedito leite,134.12
benedito novo,1093.77
benevides,343.03000000000003
bento de abreu,371.48
bento goncalves,8507.5
bequimao,386.15
berilo,78.22
berizal,221.98000000000002
bernardino de campos,328.87
bertioga,11957.75
bertolinia,483.87
bertopolis,82.12
betim,34662.83
bezerros,2118.79
bias fortes,108.47999999999999
bicas,868.55
biguacu,5912.63
bilac,881.9100000000001
birigui,16626.829999999998
biritiba-mirim,1579.77
biritinga,147.57
bituruna,598.23
blumenau,30880.41
boa esperanca,6408.19
boa esperanca do iguacu,51.0
boa esperanca do sul,1012.62
boa ventura,31.689999999999998
boa viagem,546.76
boa vista,9892.93
boa vista da aparecida,305.23
boa vista das missoes,367.56
boa vista do burica,252.09
boa vista do cadeado,464.98
boa vista do gurupi,154.75
boa vista do sul,46.22
boca da mata,298.03
bocaina,1719.24
bocaiuva,1943.22
bocaiuva do sul,72.7
bodo,84.57
bodoco,269.03000000000003
bodoquena,495.53
bofete,2441.59
boituva,8710.15
bom conselho,1848.32
bom despacho,5554.6
bom jardim,3080.08
bom jardim de goias,25.1
bom jardim de minas,1068.38
bom jesus,3247.83
bom jesus da lapa,3295.02
bom jesus da penha,120.84
bom jesus da serra,322.28999999999996
bom jesus das selvas,301.41999999999996
bom jesus do amparo,218.54
bom jesus do araguaia,1247.2900000000002
bom jesus do galho,4923.81
bom jesus do itabapoana,4011.27
bom jesus do norte,781.85
bom jesus do querendo,188.55
bom jesus do sul,245.10000000000002
bom jesus do tocantins,820.85
bom jesus dos perdoes,5317.85
bom principio,1140.75
bom repouso,687.87
bom retiro,176.74
bom retiro do sul,1484.21
bom sucesso,1102.48
bombinhas,2381.48
bonfim,480.24
bonfim paulista,2892.9500000000003
bonfinopolis,512.5999999999999
bonfinopolis de minas,1433.7500000000002
boninal,909.8
bonito,3342.66
bonito de minas,115.44
bonito de santa fe,162.85
boqueirao do leao,300.14
boquim,221.82
boquira,95.67
bora,139.71
boraceia,39.96
borborema,975.5500000000001
borda da mata,1062.25
borrazopolis,312.23
bossoroca,213.34
botelho,265.03999999999996
botelhos,1456.47
botucatu,19333.81
botupora,346.51
botuvera,215.17000000000002
braco do norte,3663.1
braco do rio,138.93
braganca,1437.27
braganca paulista,23131.65
bras pires,108.02
brasil novo,396.1
brasilandia,75.07
brasilandia de minas,98.49
brasileia,139.53
brasilia,364115.16
brasilia de minas,922.92
brasopolis,115.89999999999999
brauna,482.35
braunas,105.28
brazabrantes,82.7
brazopolis,1015.5
brejetuba,144.54
brejo,138.24
brejo bonito,153.9
brejo da madre de deus,512.73
brejo do cruz,1217.78
brejo dos santos,125.94
brejo grande,268.84
brejo santo,1949.35
brejoes,286.68
brejolandia,34.78
breu branco,575.7
breves,710.19
britania,105.36999999999999
brodowski,1250.09
brotas,2314.4100000000003
brotas de macaubas,185.62
brumadinho,2795.24
brumado,3474.19
brusque,10491.88
bueno brandao,238.32999999999998
buenopolis,1698.09
buenos aires,311.83000000000004
buerarema,1510.32
bugre,209.3
buique,253.09
buri,1103.39
buritama,1234.42
buriti,229.91
buriti alegre,48.22
buriti do tocantins,86.78999999999999
buriti dos lopes,481.76
buriticupu,919.03
buritirama,286.11
buritis,2411.2
buritizal,102.88
buritizeiro,3315.51
butia,1277.92
caarapo,1447.93
cabaceiras do paraguacu,48.69
cabeceira grande,348.75
cabeceiras,33.13
cabedelo,2119.19
cabixi,234.5
cabo de santo agostinho,3618.25
cabo frio,22584.79
cabo verde,557.68
cabralia paulista,263.31
cabreuva,834.12
cabrobo,1146.9099999999999
cacador,5622.04
cacapava,12866.960000000001
cacapava do sul,1044.83
cacaulandia,108.73
cacequi,801.37
caceres,5668.56
cachoeira,716.36
cachoeira alta,605.48
cachoeira da prata,214.43
cachoeira de minas,616.9200000000001
cachoeira de pajeu,504.03
cachoeira do brumado,211.17000000000002
cachoeira do campo,909.84
cachoeira do sul,7786.04
cachoeira dourada,327.69000000000005
cachoeira paulista,3768.01
cachoeiras de macacu,2426.08
cachoeirinha,11502.630000000001
cachoeiro de itapemirim,20192.49
cacimbinhas,53.3
cacoal,2414.7999999999997
caconde,1829.5700000000002
cacu,1354.3
cacule,615.05
caem,80.02
caetanopolis,805.62
caete,3195.14
caetes,166.04000000000002
caetite,2300.45
cafeara,309.82
cafelandia,3021.48
caiana,285.61
caiaponia,428.97
caibate,410.31999999999994
caibi,180.41000000000003
caicara do norte,1157.41
caico,3215.31
caieiras,16072.54
cairu,78.64
caiua,170.99
cajamar,12226.24
cajapio,149.16
cajari,316.3
cajati,2100.69
cajazeiras,2410.67
cajobi,1162.8899999999999
cajueiro,138.15
cajuri,71.53
cajuru,786.74
calcado,223.54
caldas,621.94
caldas brandao,192.32
caldas do jorro,789.04
caldas novas,6204.57
caldeirao grande,417.25
caldeirao grande do piaui,180.76
california,133.95
california da barra,1014.5
calmon,67.5
camacan,1269.4
camacari,8945.07
camacho,80.9
camamu,1897.5100000000002
camanducaia,2381.76
camapua,734.34
camaqua,2037.2199999999998
camaragibe,5005.62
cambara,1096.06
cambara do sul,400.64
cambe,4559.06
cambiasca,38.089999999999996
cambira,519.35
camboriu,4083.96
cambuci,2279.92
cambui,4059.6600000000003
cambuquira,444.24
cameta,521.85
camocim,2078.27
camocim de sao felix,419.02
campanario,313.29
campanha,822.49
campestre,384.32
campestre da serra,1390.06
campestre do maranhao,340.95
campina da lagoa,593.8199999999999
campina das missoes,211.0
campina do monte alegre,291.99
campina grande,25646.59
campina grande do sul,1382.49
campina verde,868.85
campinacu,195.91
campinapolis,387.09000000000003
campinas,221634.85
campinas do sul,1531.2400000000002
campinorte,1400.61
campo alegre,1228.35
campo alegre de goias,240.27
campo alegre de lourdes,124.88999999999999
campo alegre de minas,137.93
campo alegre do fidalgo,263.94
campo azul,96.22
campo belo,2367.14
campo bom,5664.98
campo bonito,105.30000000000001
campo do brito,114.89
campo do meio,309.08
campo do tenente,71.03999999999999
campo ere,782.22
campo florido,92.02
campo formoso,4054.34
campo grande,66209.43000000001
campo grande do piaui,190.88
campo largo,6269.23
campo limpo paulista,6034.42
campo magro,64.75999999999999
campo maior,1373.8500000000001
campo mourao,8720.38
campo novo,593.01
campo novo do parecis,5915.78
campo verde,1029.69
campos altos,498.61
campos belos,927.53
campos borges,877.04
campos de julio,1110.35
campos do jordao,3997.02
campos dos goytacazes,42680.47
campos gerais,679.1700000000001
campos novos,2571.94
campos sales,1853.7800000000002
campos verdes,413.04
camutanga,385.34000000000003
canaa,69.54
canaa dos carajas,1991.3600000000001
cananeia,838.8900000000001
canapi,377.32
canapolis,725.4000000000001
canarana,1486.9
canavieiras,1087.84
candeal,176.65
candeias,2655.83
candeias do jamari,338.74
candelaria,673.1
candido de abreu,439.92
candido godoi,1005.8399999999999
candido mendes,316.58000000000004
candido mota,1934.89
candido rodrigues,134.3
candido sales,472.5199999999999
candiota,899.5999999999999
candoi,79.5
canela,2798.26
canelinha,1012.72
cangucu,2067.46
canhotinho,430.49
caninde,814.2
caninde de sao francisco,359.83
canitar,317.91999999999996
canoas,35325.74
canoinhas,5400.53
cansancao,1281.2
cantagalo,2840.79
cantanhede,735.85
canto do buriti,674.83
canudos,232.89000000000001
capanema,1705.06
capao bonito,3622.17
capao da canoa,5806.11
capao da porteira,215.13
capao do cipo,400.99
capao do leao,1254.66
caparao,64.42
capela,889.1699999999998
capela de santana,417.53000000000003
capela do alto,1004.25
capela do alto alegre,56.78
capela nova,121.27
capelinha,2968.12
capetinga,239.37
capim branco,187.17
capim grosso,660.78
capinopolis,1277.95
capinzal,1469.23
capinzal do norte,460.6
capistrano,72.16
capitao,293.0
capitao andrade,199.0
capitao eneas,98.84
capitao leonidas marques,512.09
capitao poco,540.89
capitolio,590.12
capivari,5363.37
capivari de baixo,1028.73
capivari do sul,197.95
capoeiras,190.53
caputira,590.6600000000001
caracol,111.1
caraguatatuba,16390.62
carai,626.69
caraiba,487.15
caraibas,249.8
carajas,646.5600000000001
carambei,456.25
carandai,1386.44
carangola,5248.01
carapebus,786.52
carapicuiba,38761.55
caratinga,11267.4
caraubas,1246.76
caravelas,466.78
carazinho,2466.74
carbonita,841.1200000000001
cardoso,1095.32
cardoso moreira,616.88
careacu,169.58999999999997
cariacica,20681.13
caridade,99.9
carinhanha,451.5
carire,236.28
cariri do tocantins,354.26
caririacu,519.14
carius,618.6899999999999
carlinda,245.67000000000002
carlopolis,901.18
carlos barbosa,3015.42
carlos chagas,198.46
carmesia,280.63
carmo,1839.51
carmo da cachoeira,370.64
carmo da mata,578.61
carmo de minas,699.53
carmo do cajuru,1932.42
carmo do paranaiba,4652.95
carmo do rio claro,2013.63
carmo do rio verde,206.32
carmolandia,167.45
carmopolis,163.45
carmopolis de minas,1756.7199999999998
carnaiba do sertao,99.1
carnauba dos dantas,168.45000000000002
carnaubais,429.65000000000003
carnaubal,265.88
carneirinho,345.03
carolina,500.69
carpina,2600.23
carrancas,180.62
caruaru,13247.67
carutapera,251.23000000000002
carvalhopolis,308.84
casa branca,1492.88
casa nova,1269.54
casca,1628.94
cascalho rico,85.92
cascavel,30475.77
caseiros,152.66
casimiro de abreu,4035.45
cassia,364.41
cassia dos coqueiros,90.17
cassilandia,2150.71
castanhal,4500.22
castanheira,189.39
castanheiras,80.8
castelandia,688.41
castelo,2050.54
castelo do piaui,824.6500000000001
castilho,3152.09
castro,4786.99
castro alves,101.76
cataguases,5533.950000000001
catalao,6440.9
catanduva,11610.41
catanduvas,834.99
catarina,295.29
catas altas,1322.95
catende,1941.6799999999998
catigua,788.52
catole do rocha,5125.9400000000005
catu,1763.24
catu de abrantes,1295.8600000000001
catuipe,655.72
caturama,122.68
caucaia,8465.31
cavalcante,228.07
caxambu,2245.96
caxambu do sul,34.6
caxias,2604.15
caxias do sul,53830.45
caxingo,53.84
ceara-mirim,351.02
cedral,1956.8700000000001
cedro,356.11
cedro de sao joao,2235.98
cedro do abaete,58.09
ceilandia,137.68
celina,208.23
celso ramos,1440.94
centenario,162.47
centenario do sul,465.35
central,142.89
central de santa helena,158.76
centralina,45.089999999999996
centro novo do maranhao,705.62
cerejeiras,161.23
ceres,2116.38
cerqueira cesar,4474.9
cerquilho,4194.36
cerrito,77.57
cerro azul,250.18
cerro grande,68.02
cerro grande do sul,222.36
cerro largo,907.81
cerro negro,153.32
cesario lange,2209.06
ceu azul,525.29
cezarina,31.72
cha de alegria,108.94999999999999
cha grande,186.48999999999998
chacara,226.28
chale,156.22
chapada,1545.3300000000002
chapada do norte,411.86999999999995
chapada dos guimaraes,854.78
chapada gaucha,528.01
chapadao do ceu,1343.25
chapadao do lageado,321.90000000000003
chapadao do sul,1913.4099999999999
chapadinha,287.05999999999995
chapeco,18167.670000000002
charqueada,1404.82
charqueadas,2125.02
charrua,141.63
chaval,179.45
chavantes,1154.14
chaveslandia,277.51
chiapetta,148.15
chopinzinho,211.14
chorozinho,398.42
chorrocho,73.18
chui,908.16
cianorte,6015.15
cicero dantas,4247.76
cidade gaucha,950.1
cidade ocidental,876.57
cidelandia,528.8
cidreira,769.02
cipo,230.12
cipo-guacu,78.71
ciriaco,252.74
claraval,197.04
claro dos pocoes,123.67999999999999
claudia,418.38
claudio,3761.78
clementina,472.98
clevelandia,218.19
coaraci,1468.1200000000001
coari,1259.0400000000002
cocais,281.3
cocal,1722.69
cocal do sul,4080.85
cocalinho,576.56
cocalzinho de goias,203.08
cocos,73.27000000000001
codo,3163.9800000000005
coelho neto,418.6
coimbra,55.01
coite do noia,111.01
colatina,8953.11
colider,2943.95
colina,762.25
colinas,2050.06
colinas do tocantins,643.0799999999999
colmeia,180.69
colniza,875.49
colombia,457.24
colombo,9386.61
colonia castrolanda,1041.71
colonia jordaozinho,1071.03
colonia leopoldina,531.85
colonia vitoria,406.44000000000005
colorado,1724.34
colorado do oeste,334.64
coluna,344.56
combinado,54.629999999999995
comendador levy gasparian,746.56
comercinho,144.65
comodoro,2504.2799999999997
conceicao,175.24
conceicao da aparecida,1248.72
conceicao da barra,398.59
conceicao da feira,1471.14
conceicao da ibitipoca,55.09
conceicao das alagoas,1641.4
conceicao das pedras,412.05
conceicao de macabu,2035.17
conceicao do almeida,120.14
conceicao do araguaia,1773.8400000000001
conceicao do caninde,181.81
conceicao do castelo,658.0
conceicao do coite,1307.04
conceicao do formoso,215.24
conceicao do jacuipe,247.07999999999998
conceicao do mato dentro,1606.34
conceicao do para,899.2
conceicao do rio verde,970.15
conceicao do tocantins,433.96999999999997
conceicao dos ouros,714.92
conchal,2464.88
conchas,1907.8500000000001
concordia,7275.18
concordia do para,1120.9
condado,1071.1100000000001
conde,881.52
condeuba,73.83
condor,352.52
confins,444.25
confresa,1418.31
congonhal,568.19
congonhas,3618.83
congonhinhas,338.86
conquista,602.4200000000001
conquista d'oeste,154.04
conrado,126.12
conselheiro lafaiete,13024.29
conselheiro mairinck,81.55
conselheiro pena,2393.18
conservatoria,997.1700000000001
constantina,348.77
contagem,60720.98
contenda,104.61000000000001
coqueiro baixo,208.43
coqueiros do sul,49.06
coracao de jesus,173.38
coracao de maria,306.06
corbelia,785.2199999999999
cordeiro,3098.43
cordeiropolis,1705.29
cordeiros,363.64
coreau,54.81
coremas,367.59
corguinho,262.66999999999996
coribe,816.78
corinto,1545.63
cornelio procopio,2705.58
coroaci,374.99
coroados,239.34
coroata,1328.47
coromandel,3141.23
coronel domingos soares,106.87
coronel fabriciano,5193.23
coronel freitas,98.64999999999999
coronel joao pessoa,124.33000000000001
coronel joao sa,689.71
coronel macedo,118.25
coronel martins,152.14
coronel murta,255.84
coronel pacheco,99.9
coronel sapucaia,106.23
coronel vivida,1159.23
corrego danta,57.62
corrego do ouro,45.01
corrego fundo,144.65
correia pinto,2056.93
corrente,1831.14
correntes,221.59
correntina,188.11
cortes,305.32000000000005
corumba,5627.08
corumba de goias,163.28
corumbaiba,256.47
corumbatai,74.13
corumbatai do sul,45.78
corupa,658.28
coruripe,1359.09
cosmopolis,7751.95
cosmorama,1091.55
costa marques,1658.28
costa rica,1273.9
cotegipe,103.14999999999999
cotia,36028.25
cotipora,127.53
cotriguacu,220.48
couto de magalhaes,242.63
coxilha,191.5
coxim,1854.6200000000001
crateus,2779.4
crato,3895.83
cravinhos,2838.32
cravolandia,187.83
criciuma,17957.98
crisolita,134.24
crisopolis,293.57
crissiumal,1671.3000000000002
cristais,249.61
cristais paulista,600.6400000000001
cristal,631.04
cristalandia,1067.93
cristalia,517.31
cristalina,2275.49
cristiano otoni,279.38
cristina,1256.38
cristinapolis,145.37
cristopolis,113.94999999999999
crixas,1129.44
croata,87.8
crominia,61.0
crucilandia,30.47
cruz,1772.5500000000002
cruz alta,5704.35
cruz das almas,2586.27
cruz machado,523.23
cruzalia,348.25
cruzeiro,7522.1
cruzeiro da fortaleza,144.3
cruzeiro do iguacu,148.15
cruzeiro do oeste,982.5
cruzeiro do sul,3537.43
cruzilia,595.32
cubatao,8171.42
cubati,187.59
cuiaba,60570.090000000004
cuite,796.51
cuite velho,35.089999999999996
cujubim,132.94
cumari,229.51
cumaru,399.98
cunha,3118.0
cunha pora,820.95
cupira,65.53
curaca,542.24
curitiba,252659.54
curitibanos,3469.8
curiuva,364.52
currais novos,1914.44
curral de cima,199.0
curralinho,355.29
curuca,604.4499999999999
cururupu,754.67
curvelandia,243.78
curvelo,7088.64
custodia,752.1700000000001
damianopolis,63.839999999999996
dario meira,225.26
datas,920.94
david canabarro,222.77
delfim moreira,39.37
delfinopolis,318.02
delmiro gouveia,1353.71
demerval lobao,80.75999999999999
denise,723.97
deodapolis,111.21000000000001
deputado irapuan pinheiro,239.0
descalvado,1439.57
descoberto,264.02000000000004
desembargador otoni,196.02
desterro,639.98
desterro de entre rios,58.28
desterro do melo,35.86
dezesseis de novembro,102.75
diadema,35055.83
diamante d'oeste,307.69
diamante do norte,515.27
diamantina,2907.9300000000003
diamantino,527.42
dianopolis,1165.41
dias d avila,61.79
dias d'avila,3309.0
diogo de vasconcelos,244.70999999999998
dionisio,154.42000000000002
dionisio cerqueira,500.53999999999996
diorama,266.92
divinesia,333.51
divino,1714.83
divino das laranjeiras,51.099999999999994
divino de sao lourenco,149.16
divinolandia,1568.92
divinolandia de minas,312.82
divinopolis,39698.42
divinopolis de goias,94.3
divinopolis do tocantins,139.26999999999998
divisa alegre,302.96000000000004
divisa nova,788.71
dobrada,508.9
doce grande,67.72
dois corregos,1402.59
dois irmaos,3847.42
dois irmaos do buriti,890.15
dois riachos,152.25
dois vizinhos,3000.9
dom aquino,520.36
dom basilio,172.70999999999998
dom cavati,93.08
dom eliseu,675.33
dom feliciano,635.95
dom joaquim,163.38
dom macedo costa,82.83
dom pedrito,1708.09
dom pedro,438.68
dom silverio,484.12
dom vicoso,456.76
domiciano ribeiro,149.38
domingos martins,1353.6299999999999
dona emma,47.81
dona euzebia,354.93999999999994
dona francisca,340.15
dores de campos,1464.19
dores de guanhaes,72.48
dores do indaia,928.86
dores do rio preto,526.33
dormentes,1067.73
douradina,118.65
dourado,1316.93
dourados,10979.95
doutor camargo,461.26
doutor ulysses,158.61
doverlandia,311.87
dracena,5462.42
duartina,1453.3
duas barras,36.95
duere,158.77
dumont,779.64
duque de caxias,42242.26
durande,219.35
echapora,847.25
ecoporanga,1145.83
edeia,560.9100000000001
eldorado,698.19
eldorado do sul,2127.04
elias fausto,610.23
eliseu martins,543.06
elisiario,64.1
elisio medrado,118.75
eloi mendes,2227.23
embauba,414.81
embu,1942.6200000000001
embu das artes,23496.72
embu-guacu,8564.16
emilianopolis,198.49
encantado,3336.38
encruzilhada do sul,1142.5900000000001
eneas marques,237.14999999999998
engenheiro balduino,205.54
engenheiro beltrao,103.35999999999999
engenheiro coelho,1234.24
engenheiro navarro,2106.55
engenheiro passos,291.24
engenheiro paulo de frontin,590.89
entre folhas,106.07
entre rios,1363.42
entre rios de minas,1709.6200000000001
entre rios do oeste,148.57999999999998
entre-ijuis,552.52
epitaciolandia,139.52
erebango,139.42
erechim,8335.54
erere,226.23
erico cardoso,24.88
erval grande,432.74
ervalia,1230.45
escada,3556.7
esmeralda,160.76
esmeraldas,2043.24
espera feliz,3954.36
esperanca,2108.09
esperantina,692.04
esperantinopolis,771.4100000000001
espigao,100.52
espigao alto do iguacu,209.32
espigao do oeste,951.1700000000001
espinosa,2947.44
espirito santo do pinhal,2464.28
espirito santo do turvo,268.84000000000003
esplanada,1808.34
espumoso,1480.46
estacao,815.22
estancia,3157.95
estancia velha,3597.07
esteio,7815.6
estevao de araujo,32.43
estiva,29.130000000000003
estiva gerbi,1090.98
estreito,427.65000000000003
estrela,2583.69
estrela d oeste,156.33
estrela d'oeste,257.45
estrela do indaia,147.5
estrela do norte,210.76999999999998
estrela do sul,105.28
estrela velha,30.0
euclides da cunha,750.49
euclides da cunha paulista,186.39
eugenio de castro,111.76
eugenopolis,1071.3899999999999
eunapolis,8501.36
eusebio,2707.56
ewbank da camara,98.16
extrema,7155.9
extremoz,160.14
fagundes,220.74
farol,152.72
farroupilha,3805.58
fartura,2106.41
fatima,617.92
fatima do sul,1536.8600000000001
faxinal,995.73
faxinal dos guedes,1948.77
faxinalzinho,35.95
fazenda nova,407.77
fazenda rio grande,5204.96
fazenda vilanova,192.21
feira de santana,34246.38
feira nova,649.77
felicio dos santos,191.58
felipe guerra,157.64999999999998
felisburgo,123.47
felixlandia,90.28
feliz,3034.21
feliz deserto,423.75
feliz natal,279.38
fenix,67.92
fernando prestes,696.58
fernandopolis,8409.210000000001
fernao,40.85
ferraz de vasconcelos,19722.48
ferreiros,133.94
ferros,147.36
fervedouro,1128.6100000000001
figueira,1012.8699999999999
figueiropolis d'oeste,150.2
filadelfia,99.16000000000001
firminopolis,832.5
flor da serra do sul,232.06
flora rica,237.26
florai,422.95
florania,60.34
floreal,225.0
flores,467.41
flores da cunha,1869.8400000000001
flores de goias,43.22
floresta,1702.66
floresta do araguaia,186.79000000000002
florestal,382.46999999999997
florestopolis,575.77
floriano,3145.5099999999998
florianopolis,102405.55
florida,172.3
florida paulista,416.53
florinia,57.61
fonseca,107.53
fontoura xavier,214.16
formiga,5097.44
formigueiro,311.27
formosa,6310.69
formosa da serra negra,155.5
formosa do oeste,86.15
formosa do rio preto,1628.16
formoso,929.0300000000001
formoso do araguaia,354.12
forquilha,477.45000000000005
forquilhinha,1468.18
fortaleza,126829.32
fortaleza dos valos,119.95
fortim,205.53
fortuna,661.92
foz do iguacu,14389.21
foz do jordao,64.1
fragosos,115.89999999999999
fraiburgo,3052.72
franca,29565.86
francisco badaro,435.80999999999995
francisco beltrao,8639.09
francisco dantas,224.78
francisco dumont,249.65
francisco morato,11086.06
francisco sa,599.75
francisco santos,41.7
franco da rocha,12803.82
frecheirinha,213.71
frederico westphalen,1319.8899999999999
frei gaspar,89.19
frei inocencio,894.6800000000001
frei lagonegro,260.34000000000003
frei martinho,393.21000000000004
frei rogerio,121.09
fronteira,1079.53
fronteiras,1408.8400000000001
fruta de leite,360.22
frutal,4372.64
frutuoso gomes,115.87
fundao,1177.95
gabriel monteiro,48.72
galia,217.64
galinhos,275.48
galvao,78.02
gameleira,1827.12
gameleiras,529.9399999999999
gandu,507.45
garanhuns,5580.9800000000005
garca,3624.57
garibaldi,1216.25
garopaba,3326.71
garrafao do norte,762.0
garruchos,79.03999999999999
garuva,1748.41
gaspar,12047.75
gastao vidigal,283.72
gaucha do norte,214.94
gaurama,356.61
gaviao peixoto,142.04000000000002
general camara,213.74
general carneiro,498.52
general maynard,217.85
general salgado,587.2800000000001
gentio do ouro,121.1
getulina,131.02
getulio vargas,919.94
gilbues,356.51
girau do ponciano,74.05
girua,1560.97
glaura,89.36000000000001
glicerio,847.1300000000001
gloria de dourados,76.0
gloria do goita,587.92
glorinha,283.3
godoy moreira,1101.83
goiabeira,302.27
goiana,991.21
goianapolis,1568.1000000000001
goiandira,113.13000000000001
goianesia,2588.72
goianesia do para,964.71
goiania,133400.6
goianinha,454.71000000000004
goianira,1057.77
goianorte,229.5
goias,1342.01
goiatuba,2648.12
goioere,2191.0099999999998
goitacazes,1633.78
goncalves,405.07
goncalves dias,99.25
gongogi,52.129999999999995
gouveia,1167.23
governador celso ramos,519.14
governador dix-sept rosado,194.82
governador eugenio barros,417.45
governador lindenberg,136.28
governador mangabeira,116.26
governador portela,430.01
governador valadares,24545.53
graccho cardoso,723.72
grajau,965.51
gramado,4173.04
gramado dos loureiros,237.54000000000002
gramado xavier,68.97
grandes rios,157.75
granja,700.3
grao mogol,999.3
grao para,269.93
gravata,2704.38
gravatai,22690.16
gravatal,1418.28
groairas,178.5
grupiara,148.94
guabiju,51.83
guabiruba,786.8100000000001
guacui,6235.78
guadalupe,1612.8
guaiba,6139.13
guaicara,1072.03
guaira,5666.09
guairaca,100.44
guaiuba,762.05
guajara-mirim,202.85
guamare,242.64
guamiranga,284.89
guanambi,5894.44
guanhaes,2456.54
guape,210.48000000000002
guapiacu,995.55
guapiara,251.95
guapimirim,3568.89
guapirama,215.56
guapo,868.7
guapore,3987.06
guara,1459.19
guarabira,1642.8600000000001
guaracai,767.11
guaraci,1213.53
guaraciaba,320.31
guaraciaba do norte,738.15
guarai,1459.3700000000001
guaramirim,1736.26
guaranesia,1073.17
guarani,2634.31
guarani das missoes,159.84
guaraniacu,463.62
guaranta,715.01
guaranta do norte,509.29
guarapari,12258.98
guarapua,75.17
guarapuava,10261.77
guaraquecaba,63.37
guarara,546.5699999999999
guararapes,3750.05
guararema,1370.41
guaratinga,76.57
guaratingueta,16680.86
guaratuba,2812.66
guarda-mor,123.11000000000001
guarei,1431.84
guariba,1810.72
guariroba,320.56000000000006
guaruja,36579.82
guaruja do sul,395.63
guarulhos,175846.45
guassusse,169.92000000000002
guatapara,87.97
guaxupe,7022.09
guia lopes da laguna,48.22
guidoval,400.11
guimaraes,252.11
guimarania,609.33
guinda,47.11
guiricema,161.56
gurupi,6673.77
guzolandia,143.31
heliopolis,169.28
herculandia,220.64
herval,237.65
herval d'oeste,1386.9299999999998
herveiras,125.52
hidreletrica tucurui,721.48
hidrolandia,1326.25
hidrolina,218.95999999999998
holambra,3377.59
holambra ii,1012.8199999999999
horizonte,639.4100000000001
horizontina,735.55
hortolandia,18966.62
hulha negra,372.06
humaita,447.71
humberto de campos,81.57
humildes,360.81
iacanga,427.95
iaciara,1098.31
iacri,81.62
iacu,499.85
iapu,497.93
iaras,93.57
iati,1001.79
ibaiti,1264.1399999999999
ibarama,167.92000000000002
ibate,1944.12
ibateguara,152.86
ibatiba,1841.24
ibema,173.89000000000001
ibertioga,181.21
ibia,1736.18
ibiaca,320.87
ibiai,689.95
ibiajara,131.6
ibiam,460.34
ibiapina,289.34
ibiara,321.98
ibiassuce,218.42000000000002
ibicarai,694.6500000000001
ibicare,262.09000000000003
ibicoara,359.84000000000003
ibicuitinga,54.62
ibimirim,372.03
ibipeba,86.39
ibipitanga,396.72
ibipora,1648.34
ibira,911.03
ibiracatu,148.15
ibiraci,581.14
ibiracu,57.5
ibiraiaras,267.71
ibiraja,330.14
ibirama,1429.2
ibirapua,141.42
ibirarema,498.19
ibirataia,91.72
ibirite,8714.66
ibiruba,3963.77
ibitiara,157.28
ibitinga,3368.45
ibitioca,244.91000000000003
ibitira,421.03
ibitita,1534.58
ibitiuva,27.689999999999998
ibiuna,4009.93
ibotirama,3233.2
icapui,611.59
icara,2850.9
icarai de minas,313.03
icaraima,43.95
icatu,892.9
icem,1043.64
ichu,197.92000000000002
ico,2410.09
iconha,390.13
ielmo marinho,240.32
iepe,368.51
igaci,395.0
igapora,56.78
igaracu do tiete,420.42
igarapava,897.02
igarape,2202.0899999999997
igarape-acu,94.76
igarape-miri,65.03
igarassu,2598.17
igarata,843.87
igaratinga,336.38
igrapiuna,52.05
igreja nova,315.90999999999997
igrejinha,1581.6399999999999
iguaba grande,2967.05
iguai,587.1400000000001
iguape,1771.65
iguaracu,659.1999999999999
iguatama,445.56
iguatu,4355.54
ijui,7713.56
ilha comprida,254.85000000000002
ilha de itamaraca,632.1500000000001
ilha dos valadares,93.59
ilha grande,174.68
ilha solteira,2854.81
ilhabela,4112.15
ilheus,13594.47
ilhota,877.22
ilicinea,105.28
ilopolis,231.57999999999998
imaculada,471.91
imbau,154.87
imbe,3960.56
imbe de minas,245.81
imbituba,4540.26
imbituva,913.6600000000001
imbuia,1759.81
imigrante,406.68
imperatriz,9144.78
inacio martins,331.28
inaciolandia,952.92
inaja,522.63
inconfidentes,208.97000000000003
indaial,4052.06
indaiatuba,44186.03
independencia,136.05
indiana,389.33000000000004
indianopolis,376.86
indiapora,404.14
indiara,534.65
indiaroba,68.8
inga,169.99
ingai,109.38
inhambupe,1346.98
inhapi,1075.1
inhapim,565.35
inhauma,161.20999999999998
inhuma,112.35
inhumas,2733.51
inimutaba,376.39
inocencia,54.82
inubia paulista,344.70000000000005
iomere,63.79
ipaba,1585.26
ipameri,2641.9900000000002
ipanema,3916.27
ipaporanga,453.81
ipatinga,27320.9
ipaumirim,307.10999999999996
ipaussu,1579.94
ipe,229.22000000000003
ipecaeta,40.19
ipero,4105.5599999999995
ipiabas,657.72
ipiacu,534.0899999999999
ipiau,1440.67
ipigua,287.65999999999997
ipira,3749.97
ipiranga,352.57
ipiranga de goias,139.98000000000002
ipiranga do norte,114.83
ipiranga do sul,133.25
ipixuna do para,242.99
ipojuca,1945.2
ipora,2937.7
ipora do oeste,615.23
ipu,545.2
ipua,2096.16
ipubi,525.79
ipueira,228.57
ipueiras,1805.78
ipuiuna,188.34
ipumirim,377.52
ipupiara,525.85
iracema,308.77
iracemapolis,1532.5
irai,598.26
irai de minas,536.94
iramaia,199.37
irani,372.32
irape,429.30000000000007
irapua,268.14
irapuru,985.29
iraquara,510.63
irara,222.82
irati,2994.16
iraucuba,244.13
irece,2720.96
iretama,139.59
irineopolis,279.87
irupi,287.63
isaias coelho,209.46
ita,368.03
itaara,73.15
itabaiana,3929.66
itabaianinha,289.33
itabatan,196.40000000000003
itabela,529.97
itabera,1522.98
itaberaba,1286.19
itaberai,1151.08
itabi,141.03
itabira,12881.83
itabirinha,157.41
itabirito,5999.18
itaborai,10425.87
itabuna,10362.210000000001
itacarambi,399.58
itacare,1084.83
itacoatiara,92.97999999999999
itacurussa,77.57
itagi,164.64
itagiba,144.86
itagimirim,193.06
itaguacu,2087.09
itaguacu da bahia,267.89
itaguai,7537.0
itaguaje,168.96
itaguara,76.47
itaguari,913.7
itaguaru,117.66
itai,1972.66
itaicaba,70.03
itaiopolis,1555.42
itaipava,520.02
itaipulandia,294.59999999999997
itaitinga,704.17
itaituba,392.63
itaja,1001.9
itajai,22200.12
itajobi,1915.71
itaju,1008.3699999999999
itaju do colonia,56.69
itajuba,17448.45
itajuipe,1239.0
italva,1647.35
itamaraju,2255.92
itamarandiba,2269.22
itamari,324.99
itambacuri,727.89
itambaraca,326.27
itambe,1296.54
itamira,100.2
itamogi,269.03000000000003
itamonte,1105.06
itanhaem,12657.6
itanhandu,2289.8
itanhanga,88.05
itanhem,278.65999999999997
itanhomi,375.53
itaobim,1026.56
itaoca,575.21
itaocara,2173.42
itapaci,398.11
itapage,236.13
itapagipe,341.5
itapaje,3425.08
itaparica,188.36
itape,258.56
itapecerica,1603.68
itapecerica da serra,10575.03
itapecuru mirim,915.94
itapejara d'oeste,1255.92
itapema,7233.42
itapemirim,459.34
itaperucu,707.2
itaperuna,9782.26
itapetim,371.99
itapetinga,3169.5
itapetininga,14048.45
itapeva,7812.68
itapevi,21197.41
itapicuru,181.54
itapipoca,1857.57
itapira,8876.07
itapiranga,2951.7700000000004
itapirapua,495.34
itapirapua paulista,514.0699999999999
itapissuma,370.86
itapitanga,264.09000000000003
itapiuna,106.24000000000001
itapoa,1087.75
itapolis,4110.400000000001
itapora,248.44
itaporanga,3134.5099999999998
itaporanga d'ajuda,263.24
itapui,1430.89
itapura,497.51
itapuranga,1003.26
itaquaquecetuba,22181.35
itaqui,5143.74
itaquirai,388.72
itaquitinga,256.07
itarana,1010.02
itarantim,574.72
itarare,4562.74
itarema,99.95
itariri,1378.73
itatiaia,1882.29
itatiaiucu,167.15
itatiba,14056.87
itatiba do sul,55.95
itatim,400.46
itatinga,1832.1
itau,761.37
itau de minas,570.25
itauba,1661.9700000000003
itaueira,173.62
itauna,9304.48
itinga,434.67
itiquira,160.66
itirapina,179.21
itirucu,845.37
itiuba,387.5
itobi,591.42
itororo,709.37
itu,15104.15
ituacu,478.07000000000005
itubera,181.22
itueta,508.94
ituiutaba,7028.93
itumbiara,6847.96
itupeva,6350.22
itupiranga,602.38
ituporanga,3580.2500000000005
iturama,2131.95
itutinga,96.01
ituverava,4372.43
iuna,176.26999999999998
ivai,645.77
ivaipora,640.86
ivate,358.34
ivinhema,308.82
ivora,175.79000000000002
ivoti,1585.75
jaboatao dos guararapes,26028.69
jabora,302.79
jaborandi,166.38
jaboti,196.95999999999998
jaboticabal,7945.44
jaboticatubas,808.8699999999999
jacaraci,1040.27
jacarau,81.96000000000001
jacare,952.58
jacareacanga,172.07999999999998
jacarei,21988.91
jacarezinho,1720.46
jaci,143.41
jaciara,252.88
jacigua,175.11
jacinto,144.46
jacinto machado,447.17
jacobina,7766.099999999999
jacui,475.87
jacuipe,34.78
jacuizinho,74.26
jacunda,1844.8200000000002
jacupiranga,885.57
jacutinga,3349.26
jaguapita,790.68
jaguaquara,237.14000000000001
jaguaracu,71.03999999999999
jaguarao,1242.01
jaguare,1618.3799999999999
jaguarembe,53.31
jaguari,209.34
jaguariaiva,2265.86
jaguaribara,125.23
jaguaribe,861.8000000000001
jaguariuna,9798.35
jaguaruana,1339.3
jaguaruna,196.89
jaiba,799.04
jales,3923.04
jamaica,71.85
jamapara,49.6
jambeiro,395.04
jampruca,262.83
janauba,4467.34
jandaia,53.4
jandaia do sul,2156.75
jandaira,226.2
jandira,9812.65
janduis,119.38
janiopolis,316.22
januaria,4050.95
japaraiba,132.46
japaratuba,138.24
japeri,6573.84
japi,294.19
japira,451.94
japoata,220.60000000000002
japuiba,1230.8500000000001
japura,521.54
jaqueira,679.1700000000001
jaquirana,547.98
jaragua,755.0699999999999
jaragua do sul,15356.05
jaraguari,110.52
jardim,808.4100000000001
jardim abc de goias,34.089999999999996
jardim alegre,161.44
jardim de piranhas,48.739999999999995
jardim do serido,810.15
jardim olinda,189.84
jardinopolis,1960.48
jari,421.21000000000004
jarinu,1767.06
jaru,993.4100000000001
jatai,11474.26
jatauba,212.12
jatoba,817.63
jau,11947.89
jaua,177.38
jaupaci,105.28
jauru,762.86
jeceaba,683.51
jenipapo de minas,22.58
jequeri,676.84
jequia da praia,599.9499999999999
jequie,5993.9800000000005
jequitai,243.3
jequitiba,703.86
jequitinhonha,1595.86
jeremoabo,1126.37
jerico,113.08
jeriquara,144.65
jeronimo monteiro,321.11
jesuania,461.09000000000003
jesuitas,642.93
jesupolis,195.34
ji-parana,4435.13
jijoca de jericoacoara,1262.22
jiquirica,519.9300000000001
joacaba,6241.23
joaima,53.0
joanopolis,904.51
joao alfredo,300.07
joao camara,1466.8100000000002
joao dourado,36.69
joao lisboa,810.71
joao monlevade,8264.99
joao neiva,911.4
joao pessoa,67307.06
joao pinheiro,2858.41
joao ramalho,770.2900000000001
joaquim nabuco,350.45
joaquim pires,37.81
joaquim tavora,392.01
joinville,41844.93
jordania,1047.2
jose boiteux,165.0
jose bonifacio,1732.51
jose da penha,196.43
jose de freitas,350.42
joselandia,109.17999999999999
joviania,472.11
juara,502.95000000000005
juatuba,699.33
juazeiro,8954.58
juazeiro do norte,10212.96
jucas,363.96
jucurucu,478.31
jucurutu,839.83
juina,5417.13
juiz de fora,77709.55
julio de castilhos,983.04
julio mesquita,984.59
jumirim,408.24
junco do serido,318.41999999999996
jundiai,99367.82
jundiai do sul,384.01
junqueiro,464.40999999999997
junqueiropolis,2491.42
jupi,666.8599999999999
juquia,880.09
juquitiba,3587.71
juranda,69.94
jurema,54.34
juripiranga,157.99
juru,919.38
juruaia,470.59
juruena,394.38
juruti,75.53
juscimeira,167.0
jussara,175.5
jussari,213.19
jussiape,53.79
juti,719.48
juvenilia,109.1
kalore,563.96
ladainha,375.0
ladario,475.57000000000005
lagarto,2362.35
lages,14265.47
lago da pedra,1038.96
lago verde,134.01
lagoa,180.76
lagoa d'anta,194.34
lagoa da canoa,204.53
lagoa da confusao,929.74
lagoa da prata,2292.08
lagoa de sao francisco,107.02
lagoa de velhos,234.19
lagoa do carro,880.78
lagoa do mato,61.620000000000005
lagoa do ouro,630.79
lagoa do piaui,106.38
lagoa dos gatos,1073.47
lagoa dos patos,74.05
lagoa dos tres cantos,91.18
lagoa dourada,707.3
lagoa formosa,921.92
lagoa grande,3352.96
lagoa nova,301.3
lagoa real,459.92
lagoa salgada,82.72
lagoa santa,10162.63
lagoa vermelha,1883.04
lagoao,175.42999999999998
lagoinha,668.73
lagoinha do piaui,149.61
laguna,2696.23
laje do muriae,235.28
lajeado,9886.32
lajeado grande,145.08
lajedo,1237.92
lajinha,567.6899999999999
lamarao,81.34
lambari,2769.52
lamim,108.63000000000001
lapa,3277.14
laranja da terra,85.60000000000001
laranjal,359.39
laranjal do jari,426.18000000000006
laranjal paulista,2643.7999999999997
laranjeiras do sul,4039.17
laurentino,863.27
lauro de freitas,11604.73
lauro muller,1595.6
lavinia,390.41
lavras,16963.72
lavras da mangabeira,986.4599999999999
lavras do sul,646.5600000000001
lavrinhas,621.35
leandro ferreira,248.10000000000002
lebon regis,65.67
leme,9679.07
lencois,307.68
lencois paulista,7565.48
leoberto leal,40.089999999999996
leopoldina,2038.21
leopoldo de bulhoes,300.76
leopolis,31.38
liberato salzano,31.22
liberdade,150.9
lima duarte,920.86
limeira,26838.2
limeira do oeste,502.42999999999995
limoeiro,793.51
limoeiro do norte,1989.22
lindoeste,198.25
lindoia,751.34
lindoia do sul,120.22
lindolfo collor,130.65
linhares,15014.720000000001
lins,10557.56
livramento,295.98999999999995
livramento de nossa senhora,777.57
loanda,2042.79
lobato,562.77
londrina,54113.34
lontras,455.59
lorena,10283.42
loreto,1643.64
lourdes,223.84
louveira,5596.56
lucas do rio verde,6627.8099999999995
lucelia,1147.89
lucena,127.17
lucianopolis,199.97
luis antonio,1131.43
luis correia,153.36
luis eduardo magalhaes,9538.69
luisburgo,314.57
luiz alves,144.4
luiziana,186.57
luiziania,270.23
luizlandia do oeste,490.53
luminarias,468.68
lunardelli,392.38
lupercio,172.11
lupionopolis,248.77
lutecia,908.84
luz,200.53
luziania,5680.610000000001
luziapolis,181.62
luzilandia,273.01
macae,38278.81
macaiba,757.17
macambara,205.72
macambira,259.15
macapa,13920.62
macaparana,208.71
macatuba,3452.45
macau,1297.69
macaubal,121.91
macaubas,1227.15
macedonia,388.43
maceio,55608.23
machacalis,175.17
machadinho,65.6
machadinho d'oeste,572.96
machado,3283.14
machados,142.66
macieira,55.56
macuco,90.88000000000001
macuco de minas,215.14
madalena,176.24
madre de deus,925.13
madre de deus de minas,422.11
mae d'agua,90.89
mae do rio,203.61
mafra,2709.31
magalhaes de almeida,323.52
magda,496.07
mage,20871.03
maioba,778.0699999999999
maiquinique,139.48000000000002
mairi,974.31
mairinque,3346.7
mairipora,10432.49
mairipotaba,149.65
major porto,100.33
major vieira,329.03
malacacheta,1702.21
malhador,58.14
mallet,907.63
mamanguape,1406.47
mambai,921.9
mambore,928.47
mamonas,246.36
mampituba,58.550000000000004
manaira,147.4
manaus,26423.23
mandaguacu,3325.86
mandaguari,5882.64
mandirituba,151.08
manduri,287.21
manfrinopolis,138.07999999999998
manga,445.78999999999996
mangaratiba,1224.42
mangueirinha,2022.9399999999998
manhuacu,10665.79
manhumirim,2817.5299999999997
manoel ribas,742.3199999999999
manoel urbano,248.71
manoel viana,260.36
mansidao,131.57999999999998
mantena,1946.55
mantenopolis,503.02000000000004
maquine,207.39999999999998
mar de espanha,1191.57
mar vermelho,689.02
mara rosa,218.17000000000002
maraba,4819.89
maracacume,802.42
maracai,1345.6100000000001
maracaju,3511.21
maracana,331.25
maracanau,6723.98
maracas,877.0899999999999
maragogi,2135.53
maragogipe,195.04000000000002
maranguape,345.53
maranhaozinho,76.57
marataizes,3274.31
marau,2631.99
maravilha,984.14
maravilhas,516.36
marcelino vieira,169.02
marco,756.76
marcos parente,64.5
marechal candido rondon,5001.71
marechal deodoro,379.2
marechal floriano,681.3800000000001
mari,342.8
maria da fe,365.65
marialva,3115.02
mariana,5212.95
mariano moro,137.26
mariapolis,140.98000000000002
maribondo,100.97
marica,18957.35
mariental,1867.85
marilac,942.78
marilandia,1791.35
marilandia do sul,178.27
marilena,107.86999999999999
marilia,38936.06
mariluz,349.65
maringa,46680.51
marinopolis,188.98000000000002
mario campos,690.9
mariopolis,173.95000000000002
maripa,432.73
maristela,731.4200000000001
marituba,1699.5
marmeleiro,1010.0300000000001
marques de souza,45.0
martinesia,53.230000000000004
martinho campos,473.7
martinopolis,4557.05
martins,250.31
martins soares,994.1
mascote,158.99
massape,182.79
massaranduba,479.34000000000003
mata,418.35
mata de sao joao,2448.75
mata grande,469.35
mata roma,260.90999999999997
mata verde,3561.0899999999997
matao,8680.12
matelandia,87.6
materlandia,113.46000000000001
mateus leme,842.35
matias barbosa,2727.81
matias olimpio,841.4
matinhos,3538.83
matipo,552.35
mato leitao,330.96000000000004
mato rico,92.65
mato verde,651.31
matoes,106.3
matoes do norte,772.28
matozinhos,944.16
matrincha,207.18
matriz de camaragibe,84.9
matupa,1087.8700000000001
matutina,167.66
maua,49326.04
maua da serra,167.12
maurilandia,334.51
mauriti,57.28
maximiliano de almeida,422.55
medeiros,317.7
medeiros neto,797.29
medianeira,3549.81
medicilandia,43.14
medina,694.4
meleiro,262.78999999999996
mendes,1509.99
mendes pimentel,477.73
mendonca,586.28
mercedes,266.38
merces,285.82
meridiano,140.47
meruoca,160.85
mesquita,11004.89
messias targino,106.85
miguel calmon,787.81
miguel pereira,4409.54
miguelopolis,2265.5
milagres,1016.3299999999999
milha,288.29999999999995
mimoso de goias,179.12
mimoso do sul,928.89
minacu,2205.37
minas do leao,280.72
minas novas,507.14
minduri,43.18
mineiros,4376.15
mineiros do tiete,257.34000000000003
ministro andreazza,120.05000000000001
mira estrela,213.56
miracatu,991.81
miracema,2021.97
miradouro,64.42
miraguai,183.29
mirai,1186.53
miraima,291.3
miranda,343.15999999999997
miranda do norte,154.64
mirandiba,323.16
mirandopolis,1535.41
miranorte,733.42
mirante da serra,165.60000000000002
mirante do paranapanema,242.49
mirassol,6383.33
mirassol d'oeste,2207.23
miravania,50.1
mirinzal,311.65
missal,2838.99
missao velha,40.62
missi,152.95
mocajuba,85.6
mococa,7108.56
moeda,85.46000000000001
moema,214.12
mogi das cruzes,62966.21
mogi mirim,10252.55
mogi-guacu,14161.22
mogi-mirim,112.61
moju,372.88
mojui dos campos,180.87
mombaca,247.98000000000002
mombuca,144.47
moncao,143.35999999999999
moncoes,379.13
mondai,458.31
mongagua,6397.4
monnerat,376.86
monsenhor paulo,69.12
monsenhor tabosa,412.32
montadas,120.89999999999999
montalvania,458.25
montanha,1862.77
montanhas,361.07
montauri,514.4200000000001
monte alegre,190.39999999999998
monte alegre de minas,456.23
monte alegre de sergipe,128.0
monte alegre do sul,4360.38
monte alto,3123.55
monte alverne,282.01
monte aprazivel,1360.3
monte azul,729.88
monte azul paulista,3580.39
monte belo,1340.3
monte belo do sul,116.74000000000001
monte bonito,50.34
monte carlo,414.98
monte carmelo,3819.48
monte castelo,203.54000000000002
monte formoso,103.19
monte gordo,360.43
monte mor,5483.62
monte santo,40.0
monte santo de minas,1018.0
monte siao,2897.73
monte verde,463.45000000000005
monteiropolis,203.43
montenegro,5946.46
montes claros,32220.85
montezuma,220.35
montividiu do norte,33.089999999999996
morada nova,1668.92
morada nova de minas,730.37
moreilandia,295.12
moreira sales,433.48
moreno,960.09
morpara,393.73
morretes,848.92
morrinhos,3204.52
morro agudo,2163.5299999999997
morro agudo de goias,50.68
morro da fumaca,1921.4499999999998
morro da garca,227.14
morro de sao paulo,832.0
morro do chapeu,737.84
morro do ferro,154.38
morro do pilar,87.64
morro grande,158.57999999999998
morro redondo,233.66
morro reuter,741.4000000000001
morro vermelho,40.989999999999995
morungaba,708.3199999999999
mossamedes,84.14
mossoro,7545.85
mostardas,1813.09
motuca,322.25
mozarlandia,1008.04
mucambo,149.14000000000001
mucuge,285.74
mucuri,2385.9900000000002
mucurici,415.66
muliterno,270.45
mundo novo,1243.19
munhoz,477.12
munhoz de melo,1037.26
muniz freire,279.13
muquem do sao francisco,104.21
muqui,574.38
muriae,13068.77
murici,84.05
muritiba,222.63
murucupi,162.13
murutinga do sul,855.71
mussurepe,117.94
mutuipe,580.09
mutum,1821.14
mutum parana,62.57
mutunopolis,58.56
muzambinho,840.63
nacip raydan,92.16000000000001
nantes,91.05
nanuque,2963.19
nao-me-toque,1062.1
narandiba,436.65999999999997
natal,52520.8
natercia,57.5
natividade,3517.2200000000003
natividade da serra,138.89
navegantes,7500.85
navirai,3541.22
nazare,504.82000000000005
nazare da mata,114.56
nazare paulista,934.33
nazareno,190.26
nazario,478.88
neopolis,257.1
nepomuceno,810.68
neropolis,1464.02
neves paulista,154.32
nhandeara,745.32
nilopolis,16512.19
nipoa,372.35
niquelandia,2080.43
niteroi,154573.29
nobres,59.910000000000004
nonoai,252.67
nortelandia,210.64000000000001
nossa senhora da gloria,274.72
nossa senhora das dores,598.23
nossa senhora das gracas,80.75
nossa senhora de caravaggio,340.34000000000003
nossa senhora de lourdes,118.1
nossa senhora do o,457.19
nossa senhora do remedio,163.29000000000002
nossa senhora do socorro,2809.56
nova alvorada,331.88
nova alvorada do sul,476.88
nova america,66.11
nova america da colina,76.65
nova andradina,2527.55
nova araca,136.59
nova aurora,1174.5900000000001
nova bandeirantes,665.53
nova bassano,471.77
nova boa vista,75.85
nova brasilandia d'oeste,472.14
nova brescia,66.82
nova campina,209.51999999999998
nova canaa,210.07999999999998
nova canaa do norte,227.14999999999998
nova canaa paulista,222.20000000000002
nova cantu,234.31
nova crixas,176.18
nova cruz,583.25
nova era,2565.16
nova erechim,306.78
nova esperanca,1760.46
nova esperanca do piria,2252.66
nova esperanca do sudoeste,100.33
nova esperanca do sul,368.64
nova europa,760.89
nova fatima,515.08
nova floresta,155.0
nova friburgo,32844.38
nova granada,2265.7
nova guarita,41.79
nova guataporanga,117.75999999999999
nova hartz,755.22
nova iguacu,72804.23
nova independencia,34.86
nova ipixuna,517.03
nova itaberaba,344.77
nova lacerda,380.75
nova laranjeiras,251.59
nova lima,23560.56
nova londrina,946.56
nova luzitania,34.75
nova mamore,803.1600000000001
nova monte verde,330.93
nova mutum,715.6700000000001
nova odessa,5162.07
nova olimpia,272.03999999999996
nova olinda,1849.72
nova olinda do maranhao,1724.3299999999997
nova padua,89.36000000000001
nova palma,466.62
nova petropolis,600.06
nova ponte,1765.79
nova prata,1541.25
nova prata do iguacu,1210.86
nova redencao,36.69
nova resende,26.09
nova roma,67.59
nova roma do sul,1127.29
nova russas,1893.77
nova santa barbara,130.53
nova santa rita,1102.82
nova santa rosa,496.62
nova serrana,9127.5
nova soure,325.43
nova timboteua,133.05
nova trento,972.21
nova ubirata,123.75
nova venecia,2952.63
nova veneza,889.9
nova vicosa,271.01
nova xavantina,3602.16
novais,111.99000000000001
novo alegre,319.09000000000003
novo barreiro,232.03000000000003
novo brasil,103.75
novo cabrais,71.15
novo cruzeiro,968.87
novo gama,2494.37
novo hamburgo,23503.989999999998
novo horizonte,3303.29
novo itacolomi,122.22
novo jardim,60.98
novo lino,114.26
novo machado,77.66
novo mundo,77.13
novo oriente,321.4
novo oriente de minas,281.0
novo oriente do piaui,252.57
novo planalto,46.29
novo progresso,3639.9700000000003
novo repartimento,260.16
novo sao joaquim,362.64
nucleo residencial pilar,2527.73
nuporanga,895.41
ocara,162.69
ocaucu,320.77
oeiras,803.91
oeiras do para,247.45999999999998
oiapoque,425.24
olaria,96.22
oleo,73.34
olho d'agua das cunhas,370.97
olho d'agua das flores,346.07
olhos d'agua,119.84
olimpia,6970.17
olinda,16150.12
olindina,284.41
oliveira,3164.78
oliveira dos brejinhos,185.84
onda verde,89.49000000000001
oriente,1075.02
orindiuva,629.59
orizania,190.08999999999997
orizona,657.08
orlandia,4653.65
orleans,1617.67
orobo,142.63
oroco,389.46
oros,160.71
ortigueira,1139.45
osasco,98484.94
oscar bressane,339.93
osorio,7225.75
osvaldo cruz,2124.36
osvaldo kroeff,262.16
otacilio costa,1162.8500000000001
ourem,66.05
ouricuri,2730.73
ourilandia do norte,1934.3500000000001
ourinhos,14595.36
ourizona,167.8
ouro,310.25
ouro branco,5428.07
ouro fino,3065.06
ouro preto,8779.56
ouro preto do oeste,718.48
ouro verde,356.03999999999996
ouro verde de goias,98.23
ouro verde de minas,114.19
ouro verde do oeste,27.380000000000003
ouroeste,1437.57
ouvidor,401.07
pacaembu,1799.42
pacaja,2860.96
pacajus,1520.0
pacatuba,4469.860000000001
paco do lumiar,1350.99
pacoti,222.29000000000002
pacotuba,69.14
pacuja,538.4
padre bernardo,263.69
padre carvalho,582.94
padre gonzales,69.53999999999999
padre paraiso,77.57
paial,165.71
paicandu,1106.22
paineiras,81.98
pains,406.77
paiva,181.74
palestina,634.57
palhano,136.6
palhoca,14035.07
palma,504.04999999999995
palma sola,1174.4399999999998
palmares,1841.9099999999999
palmares do sul,518.4
palmares paulista,70.92999999999999
palmas,31219.36
palmeira,3392.87
palmeira d oeste,64.42
palmeira d'oeste,396.91
palmeira das missoes,1978.61
palmeira dos indios,1893.12
palmeiras,292.3
palmeiras de goias,407.33
palmeirinha,93.8
palminopolis,237.94
palmital,2323.78
palmitinho,359.99
palmitos,760.98
palmopolis,113.19999999999999
palotina,1143.86
panambi,4059.15
pancas,198.9
panelas,210.49
panorama,826.07
pantano grande,348.93
papagaios,367.66
papanduva,945.0
papucaia,1435.7
para de minas,7994.59
paracambi,7516.2300000000005
paracatu,10346.46
paracuru,705.92
paragominas,2975.18
paraguacu,1826.29
paraguacu paulista,3770.8
parai,290.6
paraiba do sul,3452.08
paraibano,515.3599999999999
paraibuna,1872.54
paraipaba,706.54
paraiso,948.39
paraiso das aguas,53.34
paraiso do norte,258.69
paraiso do sul,47.29
paraiso do tocantins,2563.75
paraisopolis,2453.2200000000003
paraju,105.74000000000001
parambu,269.22
paramirim,555.47
parana,195.25
paranacity,222.6
paranagua,10851.56
paranaiba,1937.59
paranaiguara,293.34999999999997
paranaita,2016.47
paranapanema,759.71
paranapoema,140.49
paranapua,87.80000000000001
paranatinga,2574.32
paranavai,8493.62
paranhos,309.99
paraopeba,1066.74
parapua,1540.15
parati,3898.29
paraty,4232.72
parauapebas,5634.15
parauna,610.1600000000001
pardinho,355.06
pareci novo,37.1
parelhas,1496.8000000000002
paripiranga,156.65
paripueira,379.2
pariquera-acu,2065.21
parisi,46.34
parnaiba,5623.19
parnamirim,12090.6
parnarama,217.82
parobe,2147.79
passa quatro,2403.6
passa tempo,146.46
passa tres,97.37
passagem,1265.83
passagem franca,87.66
passira,923.44
passo de camaragibe,110.27999999999999
passo de torres,731.26
passo fundo,18163.87
passos,5767.08
passos maia,248.1
pastos bons,210.22
patis,65.0
pato bragado,124.83
pato branco,10599.58
patos,4795.28
patos de minas,19839.89
patrocinio,8849.4
patrocinio do muriae,134.38
patrocinio paulista,1147.46
patu,302.87
paty do alferes,2597.71
pau brasil,315.91999999999996
pau d'arco,234.03000000000003
pau dos ferros,3461.35
paudalho,950.14
paula candido,168.19
paula freitas,553.46
pauliceia,1162.1000000000001
paulinia,19822.55
paulino neves,614.63
paulista,7930.5
paulistana,1668.0
paulistania,116.94
paulo afonso,7879.91
paulo de faria,656.48
paulo frontin,876.77
paulo jacinto,475.5799999999999
paulo lopes,271.66
pavao,75.63
peabiru,793.96
pecanha,1091.8
pederneiras,3450.0099999999998
pedra,426.58
pedra azul,543.8
pedra bela,517.33
pedra branca,183.99
pedra do indaia,96.08
pedra lavrada,87.9
pedra menina,38.5
pedra preta,754.25
pedralva,950.39
pedranopolis,74.41
pedrao,343.71
pedras altas,105.28
pedras de fogo,204.63
pedregulho,1122.18
pedreira,3744.89
pedreiras,1141.76
pedrinhas paulista,485.48
pedrinopolis,553.3
pedro afonso,368.9
pedro canario,476.55
pedro de toledo,1013.09
pedro gomes,132.38
pedro ii,440.15
pedro leopoldo,6496.4
pedro osorio,752.98
pedro velho,99.11
peixe,117.16
peixoto de azevedo,491.56
pejucara,830.35
pelotas,28659.05
penaforte,559.03
penapolis,5549.26
pendencias,410.02
penedo,1697.95
penha,2710.44
pentecoste,299.21000000000004
pequi,197.5
pequizeiro,253.98000000000002
perdigao,507.58
perdizes,1382.5
perdoes,752.01
pereira barreto,4986.17
pereiras,69.69
pereiro,379.74
peri mirim,59.83
periquito,3067.6099999999997
peritiba,144.70999999999998
perobal,95.31
perola,313.31
perola d'oeste,943.93
perola independente,104.46000000000001
perpetuo socorro,182.3
peruibe,7865.64
pescador,44.42
pesqueira,1276.5
petrolandia,2587.77
petrolina,17149.579999999998
petropolis,41814.11
piacabucu,320.4
piacatu,74.13
piacu,194.48000000000002
pianco,2324.99
piao,72.14
piata,131.35
piau,161.44
picada cafe,49.6
picarra,1122.86
picarras,170.84
picos,4730.26
picui,225.61
piedade,3261.85
piedade de caratinga,951.12
piedade do rio grande,466.9
piedade dos gerais,440.16
pien,405.37
pilao arcado,364.68
pilar,265.31
pilar do sul,1276.18
pimenta,271.26
pimenta bueno,1622.27
pimenteiras,193.21
pindai,171.54
pindamonhangaba,14993.61
pindare mirim,586.2
pindoba,542.52
pindobacu,243.72
pindorama,405.52
pindorama do tocantins,174.18
pindoretama,63.17999999999999
pingo-d'agua,413.02000000000004
pinhais,10554.62
pinhal da serra,35.0
pinhalao,2032.35
pinhalzinho,2578.16
pinhao,1570.99
pinheiral,2529.38
pinheiro,553.23
pinheiro machado,713.31
pinheiros,1396.3400000000001
pinhotiba,77.57
pintadas,520.5
pinto bandeira,65.0
pio ix,184.84
pio xii,546.03
piquerobi,112.45
piquete,987.4
piracaia,3348.35
piracanjuba,2211.4
piracema,166.59
piracicaba,60218.23
piracuruca,347.44
pirai,2749.6
pirai do norte,46.28
pirai do sul,740.98
piraju,5756.5199999999995
pirajuba,152.61
pirajui,1908.25
pirambu,305.77
piranga,400.39
pirangi,1346.43
piranguinho,1689.85
piranhas,911.8100000000001
pirapetinga,640.39
pirapo,96.28999999999999
pirapora,8105.8
pirapora do bom jesus,3171.9
pirapozinho,1582.47
piraquara,1947.24
pirassununga,10208.23
piratini,87.64
piratininga,2614.56
piratuba,1128.48
pirauba,307.69000000000005
pirenopolis,355.74
pires do rio,3930.0299999999997
pires ferreira,43.79
piripa,110.84
piripiri,828.5600000000001
piritiba,630.22
pirpirituba,2744.5
pitanga,933.18
pitanga de estrada,154.82999999999998
pitangueiras,1634.64
pitangui,3469.24
pitimbu,455.10999999999996
pium,45.629999999999995
piuma,2590.17
piumhi,283.52
piumhii,4500.12
placas,318.58000000000004
planaltina,949.34
planaltina de goias,131.61
planaltina do parana,25.85
planaltino,254.44
planalto,1106.1
planura,151.1
poa,11217.67
pocao,318.53000000000003
pocao de pedras,214.05
pocinhos,351.92
poco de pedra,190.66
poco fundo,1317.02
poco redondo,546.78
poco verde,689.3100000000001
pocoes,399.2
pocoes de paineiras,145.95000000000002
pocos de caldas,21256.69
pocrane,223.12
pojuca,1820.78
polo petroquimico de triunfo,20.7
poloni,222.41000000000003
pombal,2210.2
pombos,131.43
pomerode,1797.55
pompeia,2252.95
pompeu,1321.6699999999998
pongai,429.05
ponta grossa,22510.52
ponta pora,4652.16
pontal,1333.05
pontal do parana,1235.05
pontalina,488.71999999999997
pontalinda,84.75
pontao,71.78999999999999
ponte alta do norte,59.46
ponte nova,8328.7
ponte serrada,483.78
pontes e lacerda,1972.9
pontes gestal,135.07999999999998
ponto belo,98.56
ponto do marambaia,28.799999999999997
ponto dos volantes,74.3
ponto novo,377.0
populina,142.6
porangaba,195.63
porangatu,2479.34
porciuncula,1215.3899999999999
porecatu,930.71
portalegre,513.01
portao,1193.74
porteiras,42.18
porteirinha,358.05
portela,246.26
portelandia,130.63
porto acre,104.35000000000001
porto alegre,229976.72
porto alegre do norte,445.32
porto amazonas,93.21
porto belo,1079.32
porto calvo,397.93
porto de pedras,200.35
porto dos gauchos,655.67
porto esperidiao,278.83000000000004
porto estrela,156.72
porto feliz,3521.9
porto ferreira,2795.35
porto firme,188.5
porto franco,349.14
porto grande,64.14
porto lucena,77.56
porto murtinho,71.15
porto nacional,1911.38
porto real,1645.92
porto rico,318.92
porto seguro,17284.79
porto trombetas,300.29
porto uniao,4580.24
porto velho,27111.11
porto xavier,690.18
posse,4030.92
posto da mata,620.13
pote,577.53
potengi,331.95000000000005
potim,279.84000000000003
potiragua,644.6999999999999
potirendaba,1095.1
pouso alegre,24544.64
pouso alto,302.81
pouso novo,81.82
pouso redondo,655.27
poxoreu,172.59
prado,1234.5900000000001
pradopolis,1081.31
prados,250.95000000000002
praia grande,46817.31
praia norte,113.35
pranchita,182.35999999999999
prata,1346.09
pratapolis,68.62
presidente alves,140.42
presidente bernardes,689.94
presidente castello branco,35.0
presidente dutra,2976.37
presidente epitacio,3347.83
presidente getulio,846.13
presidente janio quadros,173.88
presidente juscelino,302.46000000000004
presidente kennedy,282.31
presidente kubitschek,156.06
presidente lucena,32.089999999999996
presidente medici,332.32
presidente nereu,70.61
presidente olegario,557.41
presidente prudente,31494.05
presidente tancredo neves,325.58
presidente venceslau,4298.77
primavera,1166.01
primavera do leste,7092.91
primeiro de maio,1407.61
princesa isabel,344.62
progresso,242.59
promissao,4980.68
propria,740.75
protasio alves,165.06
prudencio thomaz,49.040000000000006
prudente de morais,384.76
prudentopolis,1085.1699999999998
pugmil,148.15
pureza,65.0
purilandia,194.48000000000002
putinga,182.56
puxinana,271.03
quadra,501.88
quarai,2474.1499999999996
quata,3417.29
quatigua,341.35
quatis,617.87
quatituba,114.85
quatro barras,2295.33
quatro bocas,1804.79
quatro pontes,167.66
quedas do iguacu,1155.96
queimadas,2608.5099999999998
queimados,7816.23
queiroz,58.9
queixada,77.28999999999999
queluz,249.9
querencia,2701.95
querencia do norte,99.43
quevedos,131.69
quijingue,268.06
quilombo,240.79
quilometro 14 do mutum,66.00999999999999
quinta do sol,178.66
quintana,627.6
quipapa,272.99
quirinopolis,1934.34
quissama,3672.18
quitandinha,405.09
quixabeira,372.15999999999997
quixada,3350.46
quixelo,200.25
quixeramobim,1119.97
quixere,1281.01
rafard,659.46
rainha do mar,82.03
rancharia,3113.0
rancho alegre,102.66000000000001
rancho alegre d'oeste,149.29
rancho queimado,343.99
raposo,650.8399999999999
raposos,1297.31
raul soares,1357.77
ravena,86.72999999999999
realeza,1564.0
reboucas,493.38
rechan,322.37
recife,112814.06
recreio,334.19
redencao,3116.14
redencao da serra,106.23
redencao do gurgueia,257.56
redentora,449.34000000000003
regeneracao,1041.64
regente feijo,1088.31
reginopolis,1719.32
registro,9213.12
remanso,487.99
remigio,169.92000000000002
renascenca,352.23
reriutaba,1331.6299999999999
resende,18042.28
resende costa,276.09000000000003
reserva,371.55
reserva do cabacal,440.88
reserva do iguacu,28.52
resplendor,944.6
ressaquinha,229.07
restinga seca,324.33
retirolandia,117.0
riachao das neves,247.76999999999998
riachao do jacuipe,2613.59
riachinho,124.05000000000001
riacho da cruz,177.34
riacho das almas,268.77
riacho de santana,1302.47
riacho de santo antonio,159.6
riacho dos machados,331.25
riachuelo,90.97
rianapolis,534.47
ribas do rio pardo,66.13
ribeira,248.02999999999997
ribeira do amparo,61.79
ribeira do pombal,782.36
ribeirao,434.53
ribeirao bonito,846.12
ribeirao branco,515.49
ribeirao cascalheira,67.39
ribeirao claro,663.8
ribeirao das neves,15000.7
ribeirao do pinhal,447.33
ribeirao do sul,415.45
ribeirao pires,12190.25
ribeirao preto,77442.42
ribeirao vermelho,352.53000000000003
ribeiraozinho,358.01
ribeiro junqueira,200.32999999999998
ribeiropolis,100.77000000000001
rifaina,597.77
rincao,97.63
rinopolis,210.49
rio acima,709.23
rio azul,538.54
rio bananal,332.32000000000005
rio bonito,5081.29
rio bonito do iguacu,536.22
rio branco,18318.52
rio branco do sul,526.72
rio brilhante,1567.28
rio casca,433.47
rio claro,24380.04
rio das antas,213.78
rio das flores,665.69
rio das ostras,24833.579999999998
rio das pedras,1231.52
rio de contas,290.72
rio de janeiro,1201226.55
rio do antonio,301.75
rio do campo,822.25
rio do oeste,433.84000000000003
rio do pires,840.51
rio do sul,5695.13
rio doce,96.2
rio dos cedros,67.82
rio dos indios,102.75
rio espera,176.45000000000002
rio formoso,268.93
rio fortuna,527.47
rio grande,19488.41
rio grande da serra,2681.59
rio grande do piaui,45.7
rio largo,734.1300000000001
rio manso,939.6800000000001
rio maria,435.57000000000005
rio negrinho,1465.38
rio negro,2802.7599999999998
rio novo,613.25
rio novo do sul,651.89
rio paranaiba,881.48
rio pardo,791.45
rio pardo de minas,708.49
rio piracicaba,580.14
rio pomba,1464.8600000000001
rio preto,233.2
rio real,480.6
rio rufino,76.66
rio tinto,490.25
rio verde,12296.34
riolandia,470.31
riqueza,302.68
ritapolis,212.32999999999998
riversul,102.03
roca sales,355.01
rodeio,1090.65
rodeio bonito,264.44
rodeiro,482.21
rodelas,464.75
rodolfo fernandes,168.19
rolandia,7032.71
rolante,1280.29
rolim de moura,748.15
romaria,310.46
romelandia,176.87
roncador,191.73000000000002
ronda alta,1914.31
rondon,318.86
rondon do para,3484.3900000000003
rondonopolis,14195.86
roque gonzales,643.61
rosana,295.31
rosario,79.04
rosario do ivai,47.230000000000004
rosario do sul,1292.52
roseira,490.14000000000004
rubelita,80.88
rubiacea,250.15
rubiataba,1210.69
rubim,289.48
rubineia,112.2
russas,4787.48
ruy barbosa,921.15
sabara,5334.36
sabaudia,20.42
sabino,802.87
sabinopolis,437.37
saboeiro,201.83
sacra familia do tingua,149.04
sacramento,2358.54
sales,433.12
sales oliveira,627.74
salesopolis,1310.96
salgado filho,219.94
salgueiro,3044.75
salinas,5691.16
salinas da margarida,82.12
salmourao,151.85
saloa,1536.08
salobro,89.15
saltinho,1316.35
salto,12827.54
salto da divisa,151.66000000000003
salto de pirapora,1380.67
salto do ceu,175.61
salto do itarare,276.46999999999997
salto do jacui,301.94
salto do lontra,900.1100000000001
salto grande,674.34
salto veloso,497.07
salvador,235547.93
salvador do sul,206.99
sambaiba,215.47
sananduva,585.57
sanclerlandia,648.27
sandolandia,841.28
sanga puita,53.69
sangao,316.25
sanharo,2310.0
santa adelia,1861.06
santa albertina,830.4200000000001
santa amelia,175.87
santa barbara,5889.97
santa barbara d oeste,646.51
santa barbara d'oeste,15174.06
santa barbara do para,245.45
santa barbara do sul,180.09
santa branca,953.35
santa brigida,104.73
santa cecilia,1178.13
santa cecilia do pavao,216.42000000000002
santa clara d'oeste,115.44
santa clara do sul,394.12
santa cruz,1097.16
santa cruz cabralia,943.68
santa cruz da conceicao,476.27000000000004
santa cruz das palmeiras,793.64
santa cruz de goias,779.6899999999999
santa cruz de minas,710.39
santa cruz de monte castelo,793.05
santa cruz de salinas,261.72
santa cruz do capibaribe,3409.19
santa cruz do piaui,158.38
santa cruz do prata,158.72
santa cruz do rio pardo,3377.17
santa cruz do sul,12355.76
santa cruz do timbo,49.31
santa ernestina,280.13
santa fe,1005.44
santa fe de goias,1921.2700000000002
santa fe de minas,178.27
santa fe do sul,4668.63
santa filomena,186.4
santa gertrudes,1471.05
santa helena,1695.89
santa helena de goias,1733.6799999999998
santa helena de minas,303.63
santa ines,2308.68
santa isabel,3309.33
santa isabel do ivai,478.6
santa isabel do para,919.57
santa isabel do rio preto,761.8199999999999
santa izabel do oeste,356.35
santa juliana,2803.54
santa leopoldina,107.78
santa lucia,522.75
santa luzia,14850.15
santa luzia do norte,44.95
santa luzia do parua,115.78
santa margarida,468.48
santa maria,41658.28
santa maria da boa vista,488.56999999999994
santa maria da serra,169.42000000000002
santa maria da vitoria,2185.07
santa maria de itabira,570.49
santa maria de jetiba,2512.82
santa maria do herval,115.44
santa maria do para,164.89
santa maria do salto,50.480000000000004
santa maria do suacui,517.75
santa maria madalena,1247.45
santa mariana,373.35
santa mercedes,269.57
santa monica,676.0400000000001
santa quiteria,1139.12
santa quiteria do maranhao,100.75
santa rita,1940.1899999999998
santa rita d'oeste,219.73000000000002
santa rita da floresta,96.8
santa rita de caldas,923.38
santa rita de jacutinga,45.089999999999996
santa rita de minas,428.77
santa rita do araguaia,972.03
santa rita do ibitipoca,216.81
santa rita do itueto,77.57
santa rita do passa quatro,2858.81
santa rita do sapucai,5006.05
santa rosa,3705.19
santa rosa de lima,232.79000000000002
santa rosa de viterbo,2159.19
santa rosa do sul,218.27
santa salete,95.0
santa teresa,1348.04
santa teresinha,338.1
santa tereza do oeste,592.28
santa terezinha,361.53
santa terezinha de itaipu,443.16
santa vitoria,4546.18
santa vitoria do palmar,2049.67
santaluz,333.97
santana,1941.31
santana da boa vista,115.8
santana da vargem,353.6
santana de parnaiba,26985.94
santana de pirapama,70.74
santana do acarau,1563.58
santana do araguaia,1467.9099999999999
santana do capivari,39.519999999999996
santana do cariri,946.6800000000001
santana do deserto,206.99
santana do ipanema,285.45
santana do itarare,71.53
santana do jacare,1769.22
santana do livramento,4911.3
santana do manhuacu,281.44
santana do mundau,1268.01
santana do paraiso,3077.73
santana do serido,943.37
santana do sobrado,54.82
santana dos montes,296.46000000000004
santanesia,474.68
santarem,7476.84
santiago,3272.06
santo amaro,2176.81
santo amaro da imperatriz,3296.05
santo amaro das brotas,62.28
santo amaro de campos,1777.56
santo anastacio,2282.17
santo andre,108000.4
santo angelo,6578.63
santo antonio,507.98
santo antonio da alegria,250.03
santo antonio da patrulha,5603.12
santo antonio da platina,2345.16
santo antonio das missoes,495.32000000000005
santo antonio das queimadas,112.11999999999999
santo antonio de goias,149.02
santo antonio de jesus,5247.19
santo antonio de padua,6215.47
santo antonio de posse,5393.22
santo antonio do amparo,477.03
santo antonio do aracangua,1117.99
santo antonio do aventureiro,88.91999999999999
santo antonio do caiua,302.55
santo antonio do canaa,194.88
santo antonio do descoberto,992.8800000000001
santo antonio do grama,275.36
santo antonio do itambe,289.46999999999997
santo antonio do jacinto,693.56
santo antonio do jardim,347.13
santo antonio do leste,237.55
santo antonio do leverger,124.41
santo antonio do monte,2417.27
santo antonio do palma,104.09
santo antonio do pinhal,1252.69
santo antonio do planalto,221.07
santo antonio do rio abaixo,24.23
santo antonio do sudoeste,348.16999999999996
santo antonio do taua,57.739999999999995
santo antonio dos campos,177.99
santo augusto,1523.18
santo cristo,766.18
santo eduardo,260.06
santo estevao,1226.69
santo expedito,293.46
santo expedito do sul,237.54000000000002
santo hipolito,119.88000000000001
santo inacio,79.7
santos,115695.83
santos dumont,2559.58
sao benedito,1322.3899999999999
sao benedito do rio preto,133.22
sao benedito do sul,64.83
sao bentinho,69.15
sao bento,1381.24
sao bento abade,31.1
sao bento do sapucai,814.01
sao bento do sul,6105.45
sao bento do una,1477.8
sao bernardino,208.48000000000002
sao bernardo,923.3899999999999
sao bernardo do campo,123841.25
sao bonifacio,116.46000000000001
sao borja,2690.82
sao bras,54.739999999999995
sao bras do suacui,129.71
sao caetano do sul,37273.41
sao carlos,36526.18
sao carlos do ivai,119.95
sao clemente,154.86
sao cristovao,900.4300000000001
sao cristovao do sul,137.07
sao desiderio,161.19
sao domingos,668.69
sao domingos das dores,137.4
sao domingos do araguaia,270.65
sao domingos do maranhao,219.51
sao domingos do norte,1028.5
sao domingos do prata,424.99
sao felipe,827.01
sao felix,44.69
sao felix de minas,409.5
sao felix do araguaia,134.64
sao felix do coribe,266.06
sao felix do xingu,1774.08
sao fernando,160.58
sao fidelis,2597.42
sao francisco,2812.23
sao francisco de assis,224.67999999999998
sao francisco de itabapoana,1816.4099999999999
sao francisco de paula,738.1
sao francisco do brejao,82.75
sao francisco do conde,367.33
sao francisco do gloria,91.35000000000001
sao francisco do guapore,405.61
sao francisco do humaita,207.32000000000002
sao francisco do sul,2012.77
sao gabriel,2829.82
sao gabriel da palha,1770.53
sao gabriel do oeste,695.94
sao geraldo,547.8100000000001
sao geraldo da piedade,181.76000000000002
sao geraldo do baguari,142.96
sao goncalo,65373.5
sao goncalo do abaete,216.48
sao goncalo do amarante,1868.72
sao goncalo do para,975.8499999999999
sao goncalo do rio abaixo,1013.4300000000001
sao goncalo do rio das pedras,196.5
sao goncalo do rio preto,397.9
sao goncalo do sapucai,1403.98
sao gotardo,3388.06
sao jeronimo,729.3399999999999
sao joao,1539.1299999999999
sao joao batista,2225.0
sao joao batista do gloria,436.83000000000004
sao joao d'alianca,844.86
sao joao da barra,3235.6800000000003
sao joao da boa vista,13766.31
sao joao da mata,228.39
sao joao da parauna,187.84
sao joao da ponte,496.76
sao joao da urtiga,156.64000000000001
sao joao das missoes,165.15
sao joao de iracema,213.38
sao joao de meriti,24212.63
sao joao de petropolis,43.089999999999996
sao joao de pirabas,305.33000000000004
sao joao del rei,10177.77
sao joao do itaperiu,782.74
sao joao do ivai,229.56
sao joao do manhuacu,199.26
sao joao do manteninha,537.22
sao joao do oriente,429.13
sao joao do paraiso,984.74
sao joao do piaui,1972.72
sao joao do sabugi,51.739999999999995
sao joao do sobrado,73.56
sao joao do sul,1735.13
sao joao do triunfo,343.4
sao joao dos patos,1615.47
sao joao evangelista,1353.08
sao joao nepomuceno,3088.13
sao joaquim,1310.3899999999999
sao joaquim da barra,6149.82
sao joaquim de bicas,1965.51
sao joaquim do monte,107.95
sao jorge,87.02000000000001
sao jorge d'oeste,111.02000000000001
sao jorge do ivai,791.92
sao jorge do oeste,60.53
sao jorge do patrocinio,123.72000000000001
sao jose,24739.75
sao jose da barra,1158.1100000000001
sao jose da bela vista,379.07000000000005
sao jose da boa vista,137.07
sao jose da coroa grande,289.78999999999996
sao jose da laje,296.36
sao jose da lapa,1237.52
sao jose da tapera,144.47
sao jose da vitoria,225.76000000000002
sao jose de mipibu,956.19
sao jose de ribamar,1870.87
sao jose de uba,544.52
sao jose do barreiro,260.89
sao jose do belmonte,299.84000000000003
sao jose do calcado,1127.26
sao jose do campestre,307.46
sao jose do cedro,794.01
sao jose do cerrito,333.34000000000003
sao jose do divino,826.1700000000001
sao jose do egito,630.2
sao jose do goiabal,247.67
sao jose do hortencio,479.6
sao jose do inhacora,102.69999999999999
sao jose do norte,701.78
sao jose do ouro,507.09
sao jose do piaui,173.88
sao jose do ribeirao,115.84
sao jose do rio claro,351.04999999999995
sao jose do rio pardo,6016.58
sao jose do rio preto,54996.78
sao jose do serido,203.31
sao jose do turvo,376.43
sao jose do vale do rio preto,1815.44
sao jose do xingu,72.52
sao jose dos campos,93579.2
sao jose dos cordeiros,258.03
sao jose dos pinhais,19080.0
sao jose dos quatro marcos,312.23
sao leopoldo,14066.91
sao lourenco,5097.25
sao lourenco da mata,1954.96
sao lourenco da serra,1357.03
sao lourenco do oeste,1143.79
sao lourenco do piaui,191.11
sao lourenco do sul,2453.15
sao ludgero,746.51
sao luis,64769.69
sao luis de montes belos,1524.13
sao luis do curu,258.71
sao luis do paraitinga,945.99
sao luis do quitunde,351.55
sao luiz do norte,148.33
sao luiz gonzaga,4008.7200000000003
sao mamede,137.1
sao manuel,4896.099999999999
sao marcos,1041.3600000000001
sao martinho,938.3100000000001
sao mateus,7823.12
sao mateus de minas,82.88
sao mateus do maranhao,930.7
sao mateus do sul,2284.52
sao miguel,1004.52
sao miguel arcanjo,1543.78
sao miguel das matas,221.0
sao miguel do aleixo,70.86
sao miguel do anta,508.17999999999995
sao miguel do araguaia,1518.03
sao miguel do cambui,155.14
sao miguel do gostoso,473.04
sao miguel do guama,1514.4
sao miguel do guapore,622.23
sao miguel do iguacu,1468.23
sao miguel do oeste,7241.38
sao miguel do tapuio,618.51
sao miguel dos campos,1054.11
sao nicolau,138.6
sao patricio,172.95999999999998
sao paulo,2275610.6
sao paulo das missoes,459.26000000000005
sao paulo do potengi,319.78
sao pedro,3903.33
sao pedro da agua branca,336.56
sao pedro da aldeia,5822.97
sao pedro da uniao,451.64
sao pedro de alcantara,312.90999999999997
sao pedro do butia,116.19
sao pedro do iguacu,142.96
sao pedro do ivai,546.72
sao pedro do sul,121.97
sao pedro do turvo,117.9
sao pedro dos ferros,875.73
sao rafael,62.28
sao raimundo nonato,2987.04
sao romao,524.06
sao roque,11383.28
sao roque de minas,210.54000000000002
sao roque do canaa,436.01
sao sebastiao,12567.69
sao sebastiao da amoreira,63.230000000000004
sao sebastiao da boa vista,264.6
sao sebastiao da grama,1102.02
sao sebastiao da serra,171.35
sao sebastiao de campos,77.8
sao sebastiao do alto,616.7
sao sebastiao do cai,2576.19
sao sebastiao do maranhao,255.20999999999998
sao sebastiao do paraiba,571.16
sao sebastiao do paraiso,5509.71
sao sebastiao do passe,550.53
sao sebastiao do rio verde,332.58
sao sepe,695.71
sao simao,2283.83
sao thome das letras,85.5
sao tiago,586.45
sao tomas de aquino,382.56
sao tome,350.39
sao valentim,1130.84
sao vendelino,194.28
sao vicente,24667.92
sao vicente ferrer,595.76
sao vitor,121.09
sape,2042.83
sapeacu,303.47
sapezal,1139.52
sapiranga,4404.82
sapopema,193.31
sapucai-mirim,647.16
sapucaia,891.35
sapucaia do sul,6868.66
saquarema,6024.0
sarandi,2643.21
sarapui,280.89
sardoa,137.99
sarutaia,71.82
sarzedo,1316.33
satiro dias,41.29
satuba,438.32
satubinha,229.96999999999997
saubara,228.60000000000002
saudade do iguacu,328.37
saudades,428.95000000000005
saude,169.98000000000002
schroeder,1349.22
seabra,1148.26
seara,873.34
sebastiao leal,75.89
seberi,169.67000000000002
sede alvorada,154.9
segredo,60.14
selbach,68.13
senador amaral,228.0
senador canedo,1790.29
senador cortes,400.65999999999997
senador firmino,180.44
senador guiomard,547.09
senador jose porfirio,31.63
senador la rocque,124.43
senador modestino goncalves,153.17000000000002
senador pompeu,718.11
senador salgado filho,102.49
senges,645.5
senhor do bonfim,3241.6600000000003
senhora de oliveira,169.94
senhora dos remedios,44.51
sento se,76.08
serafina correa,1042.38
sericita,253.62
seringueiras,555.78
serio,39.69
seropedica,5256.35
serra,43837.13
serra azul,108.52000000000001
serra azul de minas,388.01
serra bonita,232.82
serra branca,142.26
serra de sao bento,328.15
serra do ramalho,438.40999999999997
serra do salitre,72.05
serra dos aimores,443.08000000000004
serra dos dourados,83.33
serra dourada,234.2
serra negra,3599.51
serra talhada,2625.95
serrana,1293.02
serrania,382.17
serranopolis,1210.27
serranopolis de minas,136.5
serranopolis do iguacu,305.73
serrinha,2537.29
serrita,483.72
serro,876.62
serrolandia,427.35
sertania,479.91999999999996
sertanopolis,1008.14
sertao,410.35
sertao santana,39.129999999999995
sertaozinho,8339.77
sete barras,302.52
sete de setembro,75.72999999999999
sete lagoas,21050.14
setubinha,328.77
severiano melo,190.82999999999998
severinia,614.03
sideropolis,371.11
sidrolandia,1842.53
silva jardim,691.27
silvania,1373.15
silvano,117.94
silvanopolis,273.88
silveira carvalho,42.269999999999996
silveira martins,155.14
silveiras,474.25
silvianopolis,186.76000000000002
simao dias,1082.91
simao pereira,175.41
simoes filho,5490.17
simolandia,169.73
simonesia,1549.8700000000001
simplicio mendes,50.75
sinimbu,196.24
sinop,9195.04
siqueira campos,1663.6200000000001
siriji,77.03
sirinhaem,720.23
sitio do quinto,131.65
sitio novo,229.28000000000003
sitio novo do tocantins,476.27
sobradinho,1302.79
sobral,14244.61
sobralia,40.0
socorro,2640.22
solanea,519.29
soledade,1240.41
soledade de minas,529.6899999999999
solonopole,785.74
sombrio,1506.6100000000001
sonora,91.38
sooretama,456.35
sorocaba,91381.77
sorriso,4009.03
sousa,1356.43
sucesso,485.92
sucupira do norte,404.20000000000005
sud mennucci,448.01
sulina,45.0
sumare,27111.65
sume,364.39
sumidouro,1325.97
surubim,711.22
suzanapolis,88.94
suzano,31234.350000000002
tabapora,286.07000000000005
tabapua,1535.21
tabatinga,487.11
tabira,1314.94
taboao da serra,41917.44
tabocas do brejo velho,199.95999999999998
taboquinhas,303.27
tabuleiro,382.78000000000003
tabuleiro do norte,71.88
tacaratu,263.65000000000003
taciba,419.6
tacuru,170.71
taguai,873.5600000000001
taguatinga,1107.49
taiacu,70.51
tailandia,2381.4300000000003
taio,6475.8
taiobeiras,4688.76
taiuva,1010.13
tamandare,73.84
tamarana,160.84
tambau,2503.58
tamboara,24.09
tanabi,1658.14
tangara,747.64
tangara da serra,4870.22
tangua,776.12
tanhacu,609.8
tanque d'arca,611.54
tanque novo,447.39
taparuba,104.37
tapejara,1757.73
tapera,79.07
taperuaba,164.84
tapes,934.26
tapinas,135.07999999999998
tapirai,140.53000000000003
tapiramuta,1476.8999999999999
tapiratiba,2835.28
tapurah,145.11
taquara,4954.91
taquaracu de minas,392.66
taquarana,190.43
taquari,1870.86
taquaritinga,5237.07
taquaritinga do norte,2461.9
taquarituba,2942.6
taquarivai,738.9000000000001
taquarucu do sul,93.28999999999999
tarabai,1174.4
taruma,1189.95
tarumirim,912.25
tatui,13031.15
taua,1251.3700000000001
taubate,36629.98
tavares,273.62
tecainda,165.13
teixeira,69.05
teixeira de freitas,4218.39
teixeira soares,657.9200000000001
teixeiras,731.54
tejupa,400.43999999999994
telemaco borba,5526.64
telha,229.65
tenente ananias,273.92
tenente portela,604.0500000000001
teodoro sampaio,2188.75
teofilandia,236.92000000000002
teofilo otoni,10055.16
teolandia,317.56
teotonio vilela,2599.38
terenos,85.26
teresina,64023.26
teresina de goias,96.8
teresopolis,20737.7
terezinha,65.62
termas de ibira,87.15
terra boa,773.42
terra de areia,1250.93
terra nova,267.93
terra nova do norte,499.35
terra rica,769.63
terra roxa,1154.0900000000001
teutonia,1826.22
tiangua,3264.14
tibagi,386.07
tibau do sul,144.79
tiete,5064.39
tijucas,4585.95
timbauba,804.4499999999999
timbe do sul,262.92
timbo,4538.09
timburi,390.86
timon,2447.55
timoteo,9093.65
tiradentes,653.58
tiradentes do sul,67.7
tiros,218.66
tobias barreto,264.52
tocantinopolis,947.28
tocantins,778.4899999999999
tocos,381.47
tocos do moji,74.36
toledo,12206.62
tomar do geru,333.47
tomazina,411.31
tombos,511.11
tome-acu,50.62
toritama,1277.99
toropi,1682.98
torres,1906.59
torrinha,519.4200000000001
trabiju,279.91
tracuateua,39.61
tracunhaem,733.7
traipu,63.790000000000006
trairi,543.53
trajano de moraes,963.0500000000001
tramandai,3289.92
trancoso,995.19
travessao,510.43
travesseiro,32.71
tremembe,5715.34
tres arroios,236.8
tres barras,380.56
tres cachoeiras,831.4200000000001
tres coracoes,5553.0
tres coroas,910.48
tres de maio,2334.85
tres forquilhas,98.13
tres fronteiras,502.65
tres irmaos,342.40000000000003
tres lagoas,8803.960000000001
tres marias,1095.9
tres passos,1503.72
tres pontas,2754.53
tres rios,8203.37
treviso,136.98000000000002
treze tilias,1159.36
trindade,8413.61
trindade do sul,3372.73
triunfo,2675.96
trombas,32.07
trombudo central,250.85999999999999
tubarao,12323.62
tucano,969.58
tucuma,1362.99
tucunduva,437.36
tucurui,5931.75
tuiuti,60.85
tumiritinga,480.31
tunapolis,343.68
tunas do parana,233.3
tupa,9082.23
tupaciguara,1645.36
tupancireta,469.51
tupandi,361.03999999999996
tuparece,31.73
tuparendi,291.12
tuparetama,437.69000000000005
tupassi,32.379999999999995
tupi paulista,976.0
turmalina,1513.28
tururu,215.6
turvania,117.35
turvelandia,42.4
turvo,401.21
turvolandia,176.09
tutoia,556.87
uaua,618.18
uba,8901.7
ubai,61.730000000000004
ubaira,884.91
ubaitaba,667.9300000000001
ubajara,1414.6299999999999
ubaporanga,360.71000000000004
ubata,210.18
ubatuba,11625.58
uberaba,33485.43
uberlandia,60185.2
ubirajara,96.09
ubirata,751.43
uchoa,641.29
uibai,639.36
uirauna,285.36
ulianopolis,64.4
umbauba,315.39
umburanas,123.75
umburatiba,134.7
umuarama,7753.1
una,610.34
unai,8706.44
uniao,393.32
uniao da serra,33.6
uniao da vitoria,6290.85
uniao de minas,176.17000000000002
uniao do oeste,40.089999999999996
uniao do sul,249.2
uniao dos palmares,309.25
unistalda,128.94
upanema,1476.25
urai,334.39
urandi,767.8100000000001
urania,980.29
urbano santos,703.99
uruacu,2307.27
uruana,1355.9499999999998
uruana de minas,33.0
uruara,1199.13
urubici,378.58
uruburetama,87.8
urucania,200.32999999999998
urucuca,257.27
urucui,820.26
urucuia,168.29000000000002
urucurituba,242.94
uruguaiana,5943.89
uruoca,361.1
urupa,403.21
urupes,1313.27
urussanga,1083.08
urutai,184.79
utinga,586.45
vacaria,3128.16
valao do barro,86.53999999999999
vale do sol,37.089999999999996
vale real,264.34000000000003
valenca,13285.36
valenca do piaui,1247.8700000000001
valente,3614.1000000000004
valentim gentil,418.87000000000006
valinhos,26015.49
valparaiso,683.24
valparaiso de goias,6697.66
vanini,106.87
vargeao,520.65
vargem,101.5
vargem alegre,402.73
vargem alta,372.35
vargem bonita,826.27
vargem grande,137.01
vargem grande do rio pardo,365.98
vargem grande do soturno,111.02000000000001
vargem grande do sul,1096.1499999999999
vargem grande paulista,6735.64
varginha,16472.9
varjao de minas,131.89999999999998
varjota,901.1800000000001
varre-sai,1035.37
varzea,150.18
varzea alegre,198.65
varzea da palma,2760.94
varzea do poco,73.83
varzea grande,10315.03
varzea nova,108.53
varzea paulista,13507.62
varzedo,65.53
varzelandia,377.12
vassouras,5336.56
vazante,1780.3
venancio aires,3352.84
venda branca,134.82999999999998
venda nova do imigrante,3171.2200000000003
ventania,209.88
venturosa,1297.06
vera,398.03
vera cruz,3621.5699999999997
vera cruz do oeste,613.9100000000001
veranopolis,2878.08
vere,818.22
vereda,356.65
verissimo,353.01
vermelho,116.78999999999999
vermelho novo,52.099999999999994
vertentes,49.62
vespasiano,7149.57
vespasiano correa,163.25
viamao,8989.38
viana,5389.0599999999995
vianopolis,616.76
vicencia,325.48
vicente dutra,31.22
vicentina,216.07
vicentinopolis,420.54999999999995
vicosa,19364.91
vicosa do ceara,43.79
victor graeff,181.25
videira,9611.89
vieiras,345.15
vigia,352.65
vila bela da santissima trindade,46.78
vila dos cabanos,597.67
vila flor,137.98000000000002
vila flores,462.5
vila langaro,191.91
vila muriqui,856.45
vila nelita,167.98000000000002
vila nova,117.19
vila nova do sul,101.34
vila pereira,109.21
vila reis,86.15
vila rica,335.36
vila valerio,1632.29
vila velha,58239.11
vilhena,3076.53
vinhedo,11020.88
viradouro,2480.9500000000003
virgem da lapa,864.44
virginia,54.129999999999995
virginopolis,1092.22
virgolandia,413.44
visconde de maua,188.05
visconde do rio branco,1952.66
viseu,340.02
vista alegre,37.1
vista alegre do alto,327.66999999999996
vitoria,63383.01
vitoria da conquista,19821.45
vitoria das missoes,64.0
vitoria de santo antao,2988.47
vitoria do jari,137.27
vitoria do mearim,164.0
vitorino,67.23
vitorino freire,1744.37
vitorinos,105.36999999999999
volta grande,379.96000000000004
volta redonda,39819.12
votorantim,13032.23
votuporanga,9740.19
wagner,147.69
wanderley,333.11
wenceslau braz,250.51
wenceslau guimaraes,137.5
werneck,445.61
witmarsum,230.35000000000002
xambioa,429.76
xambre,547.74
xangri-la,1192.87
xanxere,5165.42
xapuri,445.89
xavantina,217.70999999999998
xaxim,1928.25
xexeu,126.16
xinguara,1608.51
xique-xique,230.56
zacarias,229.85
ze doca,878.9200000000001
zortea,137.57
